measurement_id,toll_id,timestamp
1,1,2026-02-06 06:00:00
2,2,2026-02-06 06:00:00
3,3,2026-02-06 06:00:00
4,1,2026-02-06 06:01:00
5,2,2026-02-06 06:01:00
6,3,2026-02-06 06:01:00
7,1,2026-02-06 06:02:00
8,2,2026-02-06 06:02:00
9,3,2026-02-06 06:02:00
10,1,2026-02-06 06:03:00
11,2,2026-02-06 06:03:00
12,3,2026-02-06 06:03:00
13,1,2026-02-06 06:04:00
14,2,2026-02-06 06:04:00
15,3,2026-02-06 06:04:00
16,1,2026-02-06 06:05:00
17,2,2026-02-06 06:05:00
18,3,2026-02-06 06:05:00
19,1,2026-02-06 06:06:00
20,2,2026-02-06 06:06:00
21,3,2026-02-06 06:06:00
22,1,2026-02-06 06:07:00
23,2,2026-02-06 06:07:00
24,3,2026-02-06 06:07:00
25,1,2026-02-06 06:08:00
26,2,2026-02-06 06:08:00
27,3,2026-02-06 06:08:00
28,1,2026-02-06 06:09:00
29,2,2026-02-06 06:09:00
30,3,2026-02-06 06:09:00
31,1,2026-02-06 06:10:00
32,2,2026-02-06 06:10:00
33,3,2026-02-06 06:10:00
34,1,2026-02-06 06:11:00
35,2,2026-02-06 06:11:00
36,3,2026-02-06 06:11:00
37,1,2026-02-06 06:12:00
38,2,2026-02-06 06:12:00
39,3,2026-02-06 06:12:00
40,1,2026-02-06 06:13:00
41,2,2026-02-06 06:13:00
42,3,2026-02-06 06:13:00
43,1,2026-02-06 06:14:00
44,2,2026-02-06 06:14:00
45,3,2026-02-06 06:14:00
46,1,2026-02-06 06:15:00
47,2,2026-02-06 06:15:00
48,3,2026-02-06 06:15:00
49,1,2026-02-06 06:16:00
50,2,2026-02-06 06:16:00
51,3,2026-02-06 06:16:00
52,1,2026-02-06 06:17:00
53,2,2026-02-06 06:17:00
54,3,2026-02-06 06:17:00
55,1,2026-02-06 06:18:00
56,2,2026-02-06 06:18:00
57,3,2026-02-06 06:18:00
58,1,2026-02-06 06:19:00
59,2,2026-02-06 06:19:00
60,3,2026-02-06 06:19:00
61,1,2026-02-06 06:20:00
62,2,2026-02-06 06:20:00
63,3,2026-02-06 06:20:00
64,1,2026-02-06 06:21:00
65,2,2026-02-06 06:21:00
66,3,2026-02-06 06:21:00
67,1,2026-02-06 06:22:00
68,2,2026-02-06 06:22:00
69,3,2026-02-06 06:22:00
70,1,2026-02-06 06:23:00
71,2,2026-02-06 06:23:00
72,3,2026-02-06 06:23:00
73,1,2026-02-06 06:24:00
74,2,2026-02-06 06:24:00
75,3,2026-02-06 06:24:00
76,1,2026-02-06 06:25:00
77,2,2026-02-06 06:25:00
78,3,2026-02-06 06:25:00
79,1,2026-02-06 06:26:00
80,2,2026-02-06 06:26:00
81,3,2026-02-06 06:26:00
82,1,2026-02-06 06:27:00
83,2,2026-02-06 06:27:00
84,3,2026-02-06 06:27:00
85,1,2026-02-06 06:28:00
86,2,2026-02-06 06:28:00
87,3,2026-02-06 06:28:00
88,1,2026-02-06 06:29:00
89,2,2026-02-06 06:29:00
90,3,2026-02-06 06:29:00
91,1,2026-02-06 06:30:00
92,2,2026-02-06 06:30:00
93,3,2026-02-06 06:30:00
94,1,2026-02-06 06:31:00
95,2,2026-02-06 06:31:00
96,3,2026-02-06 06:31:00
97,1,2026-02-06 06:32:00
98,2,2026-02-06 06:32:00
99,3,2026-02-06 06:32:00
100,1,2026-02-06 06:33:00
101,2,2026-02-06 06:33:00
102,3,2026-02-06 06:33:00
103,1,2026-02-06 06:34:00
104,2,2026-02-06 06:34:00
105,3,2026-02-06 06:34:00
106,1,2026-02-06 06:35:00
107,2,2026-02-06 06:35:00
108,3,2026-02-06 06:35:00
109,1,2026-02-06 06:36:00
110,2,2026-02-06 06:36:00
111,3,2026-02-06 06:36:00
112,1,2026-02-06 06:37:00
113,2,2026-02-06 06:37:00
114,3,2026-02-06 06:37:00
115,1,2026-02-06 06:38:00
116,2,2026-02-06 06:38:00
117,3,2026-02-06 06:38:00
118,1,2026-02-06 06:39:00
119,2,2026-02-06 06:39:00
120,3,2026-02-06 06:39:00
121,1,2026-02-06 06:40:00
122,2,2026-02-06 06:40:00
123,3,2026-02-06 06:40:00
124,1,2026-02-06 06:41:00
125,2,2026-02-06 06:41:00
126,3,2026-02-06 06:41:00
127,1,2026-02-06 06:42:00
128,2,2026-02-06 06:42:00
129,3,2026-02-06 06:42:00
130,1,2026-02-06 06:43:00
131,2,2026-02-06 06:43:00
132,3,2026-02-06 06:43:00
133,1,2026-02-06 06:44:00
134,2,2026-02-06 06:44:00
135,3,2026-02-06 06:44:00
136,1,2026-02-06 06:45:00
137,2,2026-02-06 06:45:00
138,3,2026-02-06 06:45:00
139,1,2026-02-06 06:46:00
140,2,2026-02-06 06:46:00
141,3,2026-02-06 06:46:00
142,1,2026-02-06 06:47:00
143,2,2026-02-06 06:47:00
144,3,2026-02-06 06:47:00
145,1,2026-02-06 06:48:00
146,2,2026-02-06 06:48:00
147,3,2026-02-06 06:48:00
148,1,2026-02-06 06:49:00
149,2,2026-02-06 06:49:00
150,3,2026-02-06 06:49:00
151,1,2026-02-06 06:50:00
152,2,2026-02-06 06:50:00
153,3,2026-02-06 06:50:00
154,1,2026-02-06 06:51:00
155,2,2026-02-06 06:51:00
156,3,2026-02-06 06:51:00
157,1,2026-02-06 06:52:00
158,2,2026-02-06 06:52:00
159,3,2026-02-06 06:52:00
160,1,2026-02-06 06:53:00
161,2,2026-02-06 06:53:00
162,3,2026-02-06 06:53:00
163,1,2026-02-06 06:54:00
164,2,2026-02-06 06:54:00
165,3,2026-02-06 06:54:00
166,1,2026-02-06 06:55:00
167,2,2026-02-06 06:55:00
168,3,2026-02-06 06:55:00
169,1,2026-02-06 06:56:00
170,2,2026-02-06 06:56:00
171,3,2026-02-06 06:56:00
172,1,2026-02-06 06:57:00
173,2,2026-02-06 06:57:00
174,3,2026-02-06 06:57:00
175,1,2026-02-06 06:58:00
176,1,2026-02-06 06:59:00
177,2,2026-02-06 06:59:00
178,3,2026-02-06 06:59:00
179,1,2026-02-06 07:00:00
180,2,2026-02-06 07:00:00
181,1,2026-02-06 07:01:00
182,2,2026-02-06 07:01:00
183,3,2026-02-06 07:01:00
184,1,2026-02-06 07:02:00
185,2,2026-02-06 07:02:00
186,3,2026-02-06 07:02:00
187,1,2026-02-06 07:03:00
188,2,2026-02-06 07:03:00
189,1,2026-02-06 07:04:00
190,2,2026-02-06 07:04:00
191,2,2026-02-06 07:05:00
192,1,2026-02-06 07:06:00
193,2,2026-02-06 07:06:00
194,2,2026-02-06 07:07:00
195,3,2026-02-06 07:07:00
196,1,2026-02-06 07:08:00
197,2,2026-02-06 07:08:00
198,1,2026-02-06 07:09:00
199,2,2026-02-06 07:09:00
200,1,2026-02-06 07:10:00
201,2,2026-02-06 07:10:00
202,2,2026-02-06 07:11:00
203,2,2026-02-06 07:12:00
204,1,2026-02-06 07:13:00
205,2,2026-02-06 07:13:00
206,1,2026-02-06 07:14:00
207,2,2026-02-06 07:14:00
208,3,2026-02-06 07:14:00
209,2,2026-02-06 07:15:00
210,1,2026-02-06 07:16:00
211,2,2026-02-06 07:16:00
212,1,2026-02-06 07:18:00
213,2,2026-02-06 07:18:00
214,2,2026-02-06 07:19:00
215,1,2026-02-06 07:20:00
216,2,2026-02-06 07:20:00
217,3,2026-02-06 07:20:00
218,1,2026-02-06 07:21:00
219,2,2026-02-06 07:21:00
220,2,2026-02-06 07:23:00
221,1,2026-02-06 07:24:00
222,1,2026-02-06 07:25:00
223,2,2026-02-06 07:25:00
224,1,2026-02-06 07:26:00
225,2,2026-02-06 07:26:00
226,2,2026-02-06 07:27:00
227,2,2026-02-06 07:28:00
228,2,2026-02-06 07:30:00
229,1,2026-02-06 07:31:00
230,2,2026-02-06 07:31:00
231,1,2026-02-06 07:32:00
232,2,2026-02-06 07:32:00
233,2,2026-02-06 07:33:00
234,1,2026-02-06 07:34:00
235,3,2026-02-06 07:34:00
236,1,2026-02-06 07:35:00
237,2,2026-02-06 07:35:00
238,1,2026-02-06 07:36:00
239,2,2026-02-06 07:36:00
240,2,2026-02-06 07:37:00
241,3,2026-02-06 07:37:00
242,1,2026-02-06 07:38:00
243,2,2026-02-06 07:38:00
244,1,2026-02-06 07:39:00
245,2,2026-02-06 07:39:00
246,1,2026-02-06 07:40:00
247,2,2026-02-06 07:40:00
248,1,2026-02-06 07:41:00
249,2,2026-02-06 07:41:00
250,1,2026-02-06 07:42:00
251,2,2026-02-06 07:42:00
252,2,2026-02-06 07:43:00
253,1,2026-02-06 07:44:00
254,2,2026-02-06 07:44:00
255,1,2026-02-06 07:45:00
256,2,2026-02-06 07:45:00
257,1,2026-02-06 07:46:00
258,2,2026-02-06 07:46:00
259,3,2026-02-06 07:46:00
260,2,2026-02-06 07:47:00
261,1,2026-02-06 07:48:00
262,2,2026-02-06 07:49:00
263,1,2026-02-06 07:50:00
264,2,2026-02-06 07:50:00
265,1,2026-02-06 07:51:00
266,2,2026-02-06 07:51:00
267,1,2026-02-06 07:52:00
268,2,2026-02-06 07:52:00
269,1,2026-02-06 07:53:00
270,2,2026-02-06 07:53:00
271,1,2026-02-06 07:54:00
272,2,2026-02-06 07:54:00
273,1,2026-02-06 07:55:00
274,2,2026-02-06 07:55:00
275,3,2026-02-06 07:55:00
276,1,2026-02-06 07:56:00
277,2,2026-02-06 07:56:00
278,3,2026-02-06 07:56:00
279,2,2026-02-06 07:57:00
280,1,2026-02-06 07:58:00
281,2,2026-02-06 07:58:00
282,1,2026-02-06 07:59:00
283,2,2026-02-06 07:59:00
284,3,2026-02-06 07:59:00
285,1,2026-02-06 08:00:00
286,2,2026-02-06 08:00:00
287,3,2026-02-06 08:00:00
288,1,2026-02-06 08:01:00
289,2,2026-02-06 08:01:00
290,1,2026-02-06 08:02:00
291,2,2026-02-06 08:02:00
292,3,2026-02-06 08:02:00
293,1,2026-02-06 08:03:00
294,2,2026-02-06 08:03:00
295,3,2026-02-06 08:03:00
296,1,2026-02-06 08:04:00
297,2,2026-02-06 08:04:00
298,3,2026-02-06 08:04:00
299,1,2026-02-06 08:05:00
300,2,2026-02-06 08:05:00
301,3,2026-02-06 08:05:00
302,1,2026-02-06 08:06:00
303,2,2026-02-06 08:06:00
304,3,2026-02-06 08:06:00
305,1,2026-02-06 08:07:00
306,2,2026-02-06 08:07:00
307,3,2026-02-06 08:07:00
308,1,2026-02-06 08:08:00
309,2,2026-02-06 08:08:00
310,3,2026-02-06 08:08:00
311,1,2026-02-06 08:09:00
312,2,2026-02-06 08:09:00
313,3,2026-02-06 08:09:00
314,1,2026-02-06 08:10:00
315,2,2026-02-06 08:10:00
316,3,2026-02-06 08:10:00
317,1,2026-02-06 08:11:00
318,2,2026-02-06 08:11:00
319,3,2026-02-06 08:11:00
320,1,2026-02-06 08:12:00
321,2,2026-02-06 08:12:00
322,1,2026-02-06 08:13:00
323,2,2026-02-06 08:13:00
324,3,2026-02-06 08:13:00
325,1,2026-02-06 08:14:00
326,2,2026-02-06 08:14:00
327,3,2026-02-06 08:14:00
328,1,2026-02-06 08:15:00
329,2,2026-02-06 08:15:00
330,3,2026-02-06 08:15:00
331,1,2026-02-06 08:16:00
332,2,2026-02-06 08:16:00
333,3,2026-02-06 08:16:00
334,1,2026-02-06 08:17:00
335,2,2026-02-06 08:17:00
336,3,2026-02-06 08:17:00
337,1,2026-02-06 08:18:00
338,2,2026-02-06 08:18:00
339,3,2026-02-06 08:18:00
340,1,2026-02-06 08:19:00
341,2,2026-02-06 08:19:00
342,3,2026-02-06 08:19:00
343,1,2026-02-06 08:20:00
344,2,2026-02-06 08:20:00
345,3,2026-02-06 08:20:00
346,1,2026-02-06 08:21:00
347,2,2026-02-06 08:21:00
348,3,2026-02-06 08:21:00
349,1,2026-02-06 08:22:00
350,2,2026-02-06 08:22:00
351,3,2026-02-06 08:22:00
352,1,2026-02-06 08:23:00
353,2,2026-02-06 08:23:00
354,3,2026-02-06 08:23:00
355,1,2026-02-06 08:24:00
356,2,2026-02-06 08:24:00
357,3,2026-02-06 08:24:00
358,1,2026-02-06 08:25:00
359,2,2026-02-06 08:25:00
360,3,2026-02-06 08:25:00
361,1,2026-02-06 08:26:00
362,2,2026-02-06 08:26:00
363,3,2026-02-06 08:26:00
364,1,2026-02-06 08:27:00
365,2,2026-02-06 08:27:00
366,3,2026-02-06 08:27:00
367,1,2026-02-06 08:28:00
368,2,2026-02-06 08:28:00
369,3,2026-02-06 08:28:00
370,1,2026-02-06 08:29:00
371,2,2026-02-06 08:29:00
372,3,2026-02-06 08:29:00
373,1,2026-02-06 08:30:00
374,2,2026-02-06 08:30:00
375,3,2026-02-06 08:30:00
376,1,2026-02-06 08:31:00
377,2,2026-02-06 08:31:00
378,3,2026-02-06 08:31:00
379,1,2026-02-06 08:32:00
380,2,2026-02-06 08:32:00
381,3,2026-02-06 08:32:00
382,1,2026-02-06 08:33:00
383,2,2026-02-06 08:33:00
384,3,2026-02-06 08:33:00
385,1,2026-02-06 08:34:00
386,2,2026-02-06 08:34:00
387,3,2026-02-06 08:34:00
388,1,2026-02-06 08:35:00
389,2,2026-02-06 08:35:00
390,3,2026-02-06 08:35:00
391,1,2026-02-06 08:36:00
392,2,2026-02-06 08:36:00
393,3,2026-02-06 08:36:00
394,1,2026-02-06 08:37:00
395,2,2026-02-06 08:37:00
396,3,2026-02-06 08:37:00
397,1,2026-02-06 08:38:00
398,2,2026-02-06 08:38:00
399,3,2026-02-06 08:38:00
400,1,2026-02-06 08:39:00
401,2,2026-02-06 08:39:00
402,3,2026-02-06 08:39:00
403,1,2026-02-06 08:40:00
404,2,2026-02-06 08:40:00
405,3,2026-02-06 08:40:00
406,1,2026-02-06 08:41:00
407,2,2026-02-06 08:41:00
408,3,2026-02-06 08:41:00
409,1,2026-02-06 08:42:00
410,2,2026-02-06 08:42:00
411,3,2026-02-06 08:42:00
412,1,2026-02-06 08:43:00
413,2,2026-02-06 08:43:00
414,3,2026-02-06 08:43:00
415,1,2026-02-06 08:44:00
416,2,2026-02-06 08:44:00
417,3,2026-02-06 08:44:00
418,1,2026-02-06 08:45:00
419,2,2026-02-06 08:45:00
420,3,2026-02-06 08:45:00
421,1,2026-02-06 08:46:00
422,2,2026-02-06 08:46:00
423,3,2026-02-06 08:46:00
424,1,2026-02-06 08:47:00
425,2,2026-02-06 08:47:00
426,3,2026-02-06 08:47:00
427,1,2026-02-06 08:48:00
428,2,2026-02-06 08:48:00
429,3,2026-02-06 08:48:00
430,1,2026-02-06 08:49:00
431,2,2026-02-06 08:49:00
432,3,2026-02-06 08:49:00
433,1,2026-02-06 08:50:00
434,2,2026-02-06 08:50:00
435,3,2026-02-06 08:50:00
436,1,2026-02-06 08:51:00
437,2,2026-02-06 08:51:00
438,3,2026-02-06 08:51:00
439,1,2026-02-06 08:52:00
440,2,2026-02-06 08:52:00
441,3,2026-02-06 08:52:00
442,1,2026-02-06 08:53:00
443,2,2026-02-06 08:53:00
444,3,2026-02-06 08:53:00
445,1,2026-02-06 08:54:00
446,2,2026-02-06 08:54:00
447,3,2026-02-06 08:54:00
448,1,2026-02-06 08:55:00
449,2,2026-02-06 08:55:00
450,3,2026-02-06 08:55:00
451,1,2026-02-06 08:56:00
452,2,2026-02-06 08:56:00
453,3,2026-02-06 08:56:00
454,1,2026-02-06 08:57:00
455,2,2026-02-06 08:57:00
456,3,2026-02-06 08:57:00
457,1,2026-02-06 08:58:00
458,2,2026-02-06 08:58:00
459,3,2026-02-06 08:58:00
460,1,2026-02-06 08:59:00
461,2,2026-02-06 08:59:00
462,3,2026-02-06 08:59:00
463,1,2026-02-06 09:00:00
464,2,2026-02-06 09:00:00
465,3,2026-02-06 09:00:00
466,1,2026-02-06 09:01:00
467,2,2026-02-06 09:01:00
468,3,2026-02-06 09:01:00
469,1,2026-02-06 09:02:00
470,2,2026-02-06 09:02:00
471,3,2026-02-06 09:02:00
472,1,2026-02-06 09:03:00
473,2,2026-02-06 09:03:00
474,3,2026-02-06 09:03:00
475,1,2026-02-06 09:04:00
476,2,2026-02-06 09:04:00
477,3,2026-02-06 09:04:00
478,1,2026-02-06 09:05:00
479,2,2026-02-06 09:05:00
480,3,2026-02-06 09:05:00
481,1,2026-02-06 09:06:00
482,2,2026-02-06 09:06:00
483,3,2026-02-06 09:06:00
484,1,2026-02-06 09:07:00
485,2,2026-02-06 09:07:00
486,3,2026-02-06 09:07:00
487,1,2026-02-06 09:08:00
488,2,2026-02-06 09:08:00
489,3,2026-02-06 09:08:00
490,1,2026-02-06 09:09:00
491,2,2026-02-06 09:09:00
492,3,2026-02-06 09:09:00
493,1,2026-02-06 09:10:00
494,2,2026-02-06 09:10:00
495,3,2026-02-06 09:10:00
496,1,2026-02-06 09:11:00
497,2,2026-02-06 09:11:00
498,3,2026-02-06 09:11:00
499,1,2026-02-06 09:12:00
500,2,2026-02-06 09:12:00
501,3,2026-02-06 09:12:00
502,1,2026-02-06 09:13:00
503,2,2026-02-06 09:13:00
504,3,2026-02-06 09:13:00
505,1,2026-02-06 09:14:00
506,2,2026-02-06 09:14:00
507,3,2026-02-06 09:14:00
508,1,2026-02-06 09:15:00
509,2,2026-02-06 09:15:00
510,3,2026-02-06 09:15:00
511,1,2026-02-06 09:16:00
512,2,2026-02-06 09:16:00
513,3,2026-02-06 09:16:00
514,1,2026-02-06 09:17:00
515,2,2026-02-06 09:17:00
516,3,2026-02-06 09:17:00
517,1,2026-02-06 09:18:00
518,2,2026-02-06 09:18:00
519,3,2026-02-06 09:18:00
520,1,2026-02-06 09:19:00
521,2,2026-02-06 09:19:00
522,3,2026-02-06 09:19:00
523,1,2026-02-06 09:20:00
524,2,2026-02-06 09:20:00
525,3,2026-02-06 09:20:00
526,1,2026-02-06 09:21:00
527,2,2026-02-06 09:21:00
528,3,2026-02-06 09:21:00
529,1,2026-02-06 09:22:00
530,2,2026-02-06 09:22:00
531,3,2026-02-06 09:22:00
532,1,2026-02-06 09:23:00
533,2,2026-02-06 09:23:00
534,3,2026-02-06 09:23:00
535,1,2026-02-06 09:24:00
536,2,2026-02-06 09:24:00
537,3,2026-02-06 09:24:00
538,1,2026-02-06 09:25:00
539,2,2026-02-06 09:25:00
540,3,2026-02-06 09:25:00
541,1,2026-02-06 09:26:00
542,2,2026-02-06 09:26:00
543,3,2026-02-06 09:26:00
544,1,2026-02-06 09:27:00
545,2,2026-02-06 09:27:00
546,3,2026-02-06 09:27:00
547,1,2026-02-06 09:28:00
548,2,2026-02-06 09:28:00
549,3,2026-02-06 09:28:00
550,1,2026-02-06 09:29:00
551,2,2026-02-06 09:29:00
552,3,2026-02-06 09:29:00
553,1,2026-02-06 09:30:00
554,2,2026-02-06 09:30:00
555,3,2026-02-06 09:30:00
556,1,2026-02-06 09:31:00
557,2,2026-02-06 09:31:00
558,3,2026-02-06 09:31:00
559,1,2026-02-06 09:32:00
560,2,2026-02-06 09:32:00
561,3,2026-02-06 09:32:00
562,1,2026-02-06 09:33:00
563,2,2026-02-06 09:33:00
564,3,2026-02-06 09:33:00
565,1,2026-02-06 09:34:00
566,2,2026-02-06 09:34:00
567,3,2026-02-06 09:34:00
568,1,2026-02-06 09:35:00
569,2,2026-02-06 09:35:00
570,3,2026-02-06 09:35:00
571,1,2026-02-06 09:36:00
572,2,2026-02-06 09:36:00
573,3,2026-02-06 09:36:00
574,1,2026-02-06 09:37:00
575,2,2026-02-06 09:37:00
576,3,2026-02-06 09:37:00
577,1,2026-02-06 09:38:00
578,2,2026-02-06 09:38:00
579,3,2026-02-06 09:38:00
580,1,2026-02-06 09:39:00
581,2,2026-02-06 09:39:00
582,3,2026-02-06 09:39:00
583,1,2026-02-06 09:40:00
584,2,2026-02-06 09:40:00
585,3,2026-02-06 09:40:00
586,1,2026-02-06 09:41:00
587,2,2026-02-06 09:41:00
588,3,2026-02-06 09:41:00
589,1,2026-02-06 09:42:00
590,2,2026-02-06 09:42:00
591,3,2026-02-06 09:42:00
592,1,2026-02-06 09:43:00
593,2,2026-02-06 09:43:00
594,3,2026-02-06 09:43:00
595,1,2026-02-06 09:44:00
596,2,2026-02-06 09:44:00
597,3,2026-02-06 09:44:00
598,1,2026-02-06 09:45:00
599,2,2026-02-06 09:45:00
600,3,2026-02-06 09:45:00
601,1,2026-02-06 09:46:00
602,2,2026-02-06 09:46:00
603,3,2026-02-06 09:46:00
604,1,2026-02-06 09:47:00
605,2,2026-02-06 09:47:00
606,3,2026-02-06 09:47:00
607,1,2026-02-06 09:48:00
608,2,2026-02-06 09:48:00
609,3,2026-02-06 09:48:00
610,1,2026-02-06 09:49:00
611,2,2026-02-06 09:49:00
612,3,2026-02-06 09:49:00
613,1,2026-02-06 09:50:00
614,2,2026-02-06 09:50:00
615,3,2026-02-06 09:50:00
616,1,2026-02-06 09:51:00
617,2,2026-02-06 09:51:00
618,3,2026-02-06 09:51:00
619,1,2026-02-06 09:52:00
620,2,2026-02-06 09:52:00
621,3,2026-02-06 09:52:00
622,1,2026-02-06 09:53:00
623,2,2026-02-06 09:53:00
624,3,2026-02-06 09:53:00
625,1,2026-02-06 09:54:00
626,2,2026-02-06 09:54:00
627,3,2026-02-06 09:54:00
628,1,2026-02-06 09:55:00
629,2,2026-02-06 09:55:00
630,3,2026-02-06 09:55:00
631,1,2026-02-06 09:56:00
632,2,2026-02-06 09:56:00
633,3,2026-02-06 09:56:00
634,1,2026-02-06 09:57:00
635,2,2026-02-06 09:57:00
636,3,2026-02-06 09:57:00
637,1,2026-02-06 09:58:00
638,2,2026-02-06 09:58:00
639,3,2026-02-06 09:58:00
640,1,2026-02-06 09:59:00
641,2,2026-02-06 09:59:00
642,3,2026-02-06 09:59:00
643,1,2026-02-06 10:00:00
644,2,2026-02-06 10:00:00
645,3,2026-02-06 10:00:00
646,1,2026-02-06 10:01:00
647,2,2026-02-06 10:01:00
648,3,2026-02-06 10:01:00
649,1,2026-02-06 10:02:00
650,2,2026-02-06 10:02:00
651,3,2026-02-06 10:02:00
652,1,2026-02-06 10:03:00
653,2,2026-02-06 10:03:00
654,3,2026-02-06 10:03:00
655,1,2026-02-06 10:04:00
656,2,2026-02-06 10:04:00
657,3,2026-02-06 10:04:00
658,1,2026-02-06 10:05:00
659,2,2026-02-06 10:05:00
660,3,2026-02-06 10:05:00
661,1,2026-02-06 10:06:00
662,2,2026-02-06 10:06:00
663,3,2026-02-06 10:06:00
664,1,2026-02-06 10:07:00
665,2,2026-02-06 10:07:00
666,3,2026-02-06 10:07:00
667,1,2026-02-06 10:08:00
668,2,2026-02-06 10:08:00
669,3,2026-02-06 10:08:00
670,1,2026-02-06 10:09:00
671,2,2026-02-06 10:09:00
672,3,2026-02-06 10:09:00
673,1,2026-02-06 10:10:00
674,2,2026-02-06 10:10:00
675,3,2026-02-06 10:10:00
676,1,2026-02-06 10:11:00
677,2,2026-02-06 10:11:00
678,3,2026-02-06 10:11:00
679,1,2026-02-06 10:12:00
680,2,2026-02-06 10:12:00
681,3,2026-02-06 10:12:00
682,1,2026-02-06 10:13:00
683,2,2026-02-06 10:13:00
684,3,2026-02-06 10:13:00
685,1,2026-02-06 10:14:00
686,2,2026-02-06 10:14:00
687,3,2026-02-06 10:14:00
688,1,2026-02-06 10:15:00
689,2,2026-02-06 10:15:00
690,3,2026-02-06 10:15:00
691,1,2026-02-06 10:16:00
692,2,2026-02-06 10:16:00
693,3,2026-02-06 10:16:00
694,1,2026-02-06 10:17:00
695,2,2026-02-06 10:17:00
696,3,2026-02-06 10:17:00
697,1,2026-02-06 10:18:00
698,2,2026-02-06 10:18:00
699,3,2026-02-06 10:18:00
700,1,2026-02-06 10:19:00
701,2,2026-02-06 10:19:00
702,3,2026-02-06 10:19:00
703,1,2026-02-06 10:20:00
704,2,2026-02-06 10:20:00
705,3,2026-02-06 10:20:00
706,1,2026-02-06 10:21:00
707,2,2026-02-06 10:21:00
708,3,2026-02-06 10:21:00
709,1,2026-02-06 10:22:00
710,2,2026-02-06 10:22:00
711,3,2026-02-06 10:22:00
712,1,2026-02-06 10:23:00
713,2,2026-02-06 10:23:00
714,3,2026-02-06 10:23:00
715,1,2026-02-06 10:24:00
716,2,2026-02-06 10:24:00
717,3,2026-02-06 10:24:00
718,1,2026-02-06 10:25:00
719,2,2026-02-06 10:25:00
720,3,2026-02-06 10:25:00
721,1,2026-02-06 10:26:00
722,2,2026-02-06 10:26:00
723,3,2026-02-06 10:26:00
724,1,2026-02-06 10:27:00
725,2,2026-02-06 10:27:00
726,3,2026-02-06 10:27:00
727,1,2026-02-06 10:28:00
728,2,2026-02-06 10:28:00
729,3,2026-02-06 10:28:00
730,1,2026-02-06 10:29:00
731,2,2026-02-06 10:29:00
732,3,2026-02-06 10:29:00
733,1,2026-02-06 10:30:00
734,2,2026-02-06 10:30:00
735,3,2026-02-06 10:30:00
736,1,2026-02-06 10:31:00
737,2,2026-02-06 10:31:00
738,3,2026-02-06 10:31:00
739,1,2026-02-06 10:32:00
740,2,2026-02-06 10:32:00
741,3,2026-02-06 10:32:00
742,1,2026-02-06 10:33:00
743,2,2026-02-06 10:33:00
744,3,2026-02-06 10:33:00
745,1,2026-02-06 10:34:00
746,2,2026-02-06 10:34:00
747,3,2026-02-06 10:34:00
748,1,2026-02-06 10:35:00
749,2,2026-02-06 10:35:00
750,3,2026-02-06 10:35:00
751,1,2026-02-06 10:36:00
752,2,2026-02-06 10:36:00
753,3,2026-02-06 10:36:00
754,1,2026-02-06 10:37:00
755,2,2026-02-06 10:37:00
756,3,2026-02-06 10:37:00
757,1,2026-02-06 10:38:00
758,2,2026-02-06 10:38:00
759,3,2026-02-06 10:38:00
760,1,2026-02-06 10:39:00
761,2,2026-02-06 10:39:00
762,3,2026-02-06 10:39:00
763,1,2026-02-06 10:40:00
764,2,2026-02-06 10:40:00
765,3,2026-02-06 10:40:00
766,1,2026-02-06 10:41:00
767,2,2026-02-06 10:41:00
768,3,2026-02-06 10:41:00
769,1,2026-02-06 10:42:00
770,2,2026-02-06 10:42:00
771,3,2026-02-06 10:42:00
772,1,2026-02-06 10:43:00
773,2,2026-02-06 10:43:00
774,3,2026-02-06 10:43:00
775,1,2026-02-06 10:44:00
776,2,2026-02-06 10:44:00
777,3,2026-02-06 10:44:00
778,1,2026-02-06 10:45:00
779,2,2026-02-06 10:45:00
780,3,2026-02-06 10:45:00
781,1,2026-02-06 10:46:00
782,2,2026-02-06 10:46:00
783,3,2026-02-06 10:46:00
784,1,2026-02-06 10:47:00
785,2,2026-02-06 10:47:00
786,3,2026-02-06 10:47:00
787,1,2026-02-06 10:48:00
788,2,2026-02-06 10:48:00
789,3,2026-02-06 10:48:00
790,1,2026-02-06 10:49:00
791,2,2026-02-06 10:49:00
792,3,2026-02-06 10:49:00
793,1,2026-02-06 10:50:00
794,2,2026-02-06 10:50:00
795,3,2026-02-06 10:50:00
796,1,2026-02-06 10:51:00
797,2,2026-02-06 10:51:00
798,3,2026-02-06 10:51:00
799,1,2026-02-06 10:52:00
800,2,2026-02-06 10:52:00
801,3,2026-02-06 10:52:00
802,1,2026-02-06 10:53:00
803,2,2026-02-06 10:53:00
804,3,2026-02-06 10:53:00
805,1,2026-02-06 10:54:00
806,2,2026-02-06 10:54:00
807,3,2026-02-06 10:54:00
808,1,2026-02-06 10:55:00
809,2,2026-02-06 10:55:00
810,3,2026-02-06 10:55:00
811,1,2026-02-06 10:56:00
812,2,2026-02-06 10:56:00
813,3,2026-02-06 10:56:00
814,1,2026-02-06 10:57:00
815,2,2026-02-06 10:57:00
816,3,2026-02-06 10:57:00
817,1,2026-02-06 10:58:00
818,2,2026-02-06 10:58:00
819,3,2026-02-06 10:58:00
820,1,2026-02-06 10:59:00
821,2,2026-02-06 10:59:00
822,3,2026-02-06 10:59:00
823,1,2026-02-06 11:00:00
824,2,2026-02-06 11:00:00
825,3,2026-02-06 11:00:00
826,1,2026-02-06 11:01:00
827,2,2026-02-06 11:01:00
828,3,2026-02-06 11:01:00
829,1,2026-02-06 11:02:00
830,2,2026-02-06 11:02:00
831,3,2026-02-06 11:02:00
832,1,2026-02-06 11:03:00
833,2,2026-02-06 11:03:00
834,3,2026-02-06 11:03:00
835,1,2026-02-06 11:04:00
836,2,2026-02-06 11:04:00
837,3,2026-02-06 11:04:00
838,1,2026-02-06 11:05:00
839,2,2026-02-06 11:05:00
840,3,2026-02-06 11:05:00
841,1,2026-02-06 11:06:00
842,2,2026-02-06 11:06:00
843,3,2026-02-06 11:06:00
844,1,2026-02-06 11:07:00
845,2,2026-02-06 11:07:00
846,3,2026-02-06 11:07:00
847,1,2026-02-06 11:08:00
848,2,2026-02-06 11:08:00
849,3,2026-02-06 11:08:00
850,1,2026-02-06 11:09:00
851,2,2026-02-06 11:09:00
852,3,2026-02-06 11:09:00
853,1,2026-02-06 11:10:00
854,2,2026-02-06 11:10:00
855,3,2026-02-06 11:10:00
856,1,2026-02-06 11:11:00
857,2,2026-02-06 11:11:00
858,3,2026-02-06 11:11:00
859,1,2026-02-06 11:12:00
860,2,2026-02-06 11:12:00
861,3,2026-02-06 11:12:00
862,1,2026-02-06 11:13:00
863,2,2026-02-06 11:13:00
864,3,2026-02-06 11:13:00
865,1,2026-02-06 11:14:00
866,2,2026-02-06 11:14:00
867,3,2026-02-06 11:14:00
868,1,2026-02-06 11:15:00
869,2,2026-02-06 11:15:00
870,3,2026-02-06 11:15:00
871,1,2026-02-06 11:16:00
872,2,2026-02-06 11:16:00
873,3,2026-02-06 11:16:00
874,1,2026-02-06 11:17:00
875,2,2026-02-06 11:17:00
876,3,2026-02-06 11:17:00
877,1,2026-02-06 11:18:00
878,2,2026-02-06 11:18:00
879,3,2026-02-06 11:18:00
880,1,2026-02-06 11:19:00
881,2,2026-02-06 11:19:00
882,3,2026-02-06 11:19:00
883,1,2026-02-06 11:20:00
884,2,2026-02-06 11:20:00
885,3,2026-02-06 11:20:00
886,1,2026-02-06 11:21:00
887,2,2026-02-06 11:21:00
888,3,2026-02-06 11:21:00
889,1,2026-02-06 11:22:00
890,2,2026-02-06 11:22:00
891,3,2026-02-06 11:22:00
892,1,2026-02-06 11:23:00
893,2,2026-02-06 11:23:00
894,3,2026-02-06 11:23:00
895,1,2026-02-06 11:24:00
896,2,2026-02-06 11:24:00
897,3,2026-02-06 11:24:00
898,1,2026-02-06 11:25:00
899,2,2026-02-06 11:25:00
900,3,2026-02-06 11:25:00
901,1,2026-02-06 11:26:00
902,2,2026-02-06 11:26:00
903,3,2026-02-06 11:26:00
904,1,2026-02-06 11:27:00
905,2,2026-02-06 11:27:00
906,3,2026-02-06 11:27:00
907,1,2026-02-06 11:28:00
908,2,2026-02-06 11:28:00
909,3,2026-02-06 11:28:00
910,1,2026-02-06 11:29:00
911,2,2026-02-06 11:29:00
912,3,2026-02-06 11:29:00
913,1,2026-02-06 11:30:00
914,2,2026-02-06 11:30:00
915,3,2026-02-06 11:30:00
916,1,2026-02-06 11:31:00
917,2,2026-02-06 11:31:00
918,3,2026-02-06 11:31:00
919,1,2026-02-06 11:32:00
920,2,2026-02-06 11:32:00
921,3,2026-02-06 11:32:00
922,1,2026-02-06 11:33:00
923,2,2026-02-06 11:33:00
924,3,2026-02-06 11:33:00
925,1,2026-02-06 11:34:00
926,2,2026-02-06 11:34:00
927,3,2026-02-06 11:34:00
928,1,2026-02-06 11:35:00
929,2,2026-02-06 11:35:00
930,3,2026-02-06 11:35:00
931,1,2026-02-06 11:36:00
932,2,2026-02-06 11:36:00
933,3,2026-02-06 11:36:00
934,1,2026-02-06 11:37:00
935,2,2026-02-06 11:37:00
936,3,2026-02-06 11:37:00
937,1,2026-02-06 11:38:00
938,2,2026-02-06 11:38:00
939,3,2026-02-06 11:38:00
940,1,2026-02-06 11:39:00
941,2,2026-02-06 11:39:00
942,3,2026-02-06 11:39:00
943,1,2026-02-06 11:40:00
944,2,2026-02-06 11:40:00
945,3,2026-02-06 11:40:00
946,1,2026-02-06 11:41:00
947,2,2026-02-06 11:41:00
948,3,2026-02-06 11:41:00
949,1,2026-02-06 11:42:00
950,2,2026-02-06 11:42:00
951,3,2026-02-06 11:42:00
952,1,2026-02-06 11:43:00
953,2,2026-02-06 11:43:00
954,3,2026-02-06 11:43:00
955,1,2026-02-06 11:44:00
956,2,2026-02-06 11:44:00
957,3,2026-02-06 11:44:00
958,1,2026-02-06 11:45:00
959,2,2026-02-06 11:45:00
960,3,2026-02-06 11:45:00
961,1,2026-02-06 11:46:00
962,2,2026-02-06 11:46:00
963,3,2026-02-06 11:46:00
964,1,2026-02-06 11:47:00
965,2,2026-02-06 11:47:00
966,3,2026-02-06 11:47:00
967,1,2026-02-06 11:48:00
968,2,2026-02-06 11:48:00
969,3,2026-02-06 11:48:00
970,1,2026-02-06 11:49:00
971,2,2026-02-06 11:49:00
972,3,2026-02-06 11:49:00
973,1,2026-02-06 11:50:00
974,2,2026-02-06 11:50:00
975,3,2026-02-06 11:50:00
976,1,2026-02-06 11:51:00
977,2,2026-02-06 11:51:00
978,3,2026-02-06 11:51:00
979,1,2026-02-06 11:52:00
980,2,2026-02-06 11:52:00
981,3,2026-02-06 11:52:00
982,1,2026-02-06 11:53:00
983,2,2026-02-06 11:53:00
984,3,2026-02-06 11:53:00
985,1,2026-02-06 11:54:00
986,2,2026-02-06 11:54:00
987,3,2026-02-06 11:54:00
988,1,2026-02-06 11:55:00
989,2,2026-02-06 11:55:00
990,3,2026-02-06 11:55:00
991,1,2026-02-06 11:56:00
992,2,2026-02-06 11:56:00
993,3,2026-02-06 11:56:00
994,1,2026-02-06 11:57:00
995,2,2026-02-06 11:57:00
996,3,2026-02-06 11:57:00
997,1,2026-02-06 11:58:00
998,2,2026-02-06 11:58:00
999,3,2026-02-06 11:58:00
1000,1,2026-02-06 11:59:00
1001,2,2026-02-06 11:59:00
1002,3,2026-02-06 11:59:00
1003,1,2026-02-06 12:00:00
1004,2,2026-02-06 12:00:00
1005,3,2026-02-06 12:00:00
1006,1,2026-02-06 12:01:00
1007,2,2026-02-06 12:01:00
1008,3,2026-02-06 12:01:00
1009,1,2026-02-06 12:02:00
1010,2,2026-02-06 12:02:00
1011,3,2026-02-06 12:02:00
1012,1,2026-02-06 12:03:00
1013,2,2026-02-06 12:03:00
1014,3,2026-02-06 12:03:00
1015,1,2026-02-06 12:04:00
1016,2,2026-02-06 12:04:00
1017,3,2026-02-06 12:04:00
1018,1,2026-02-06 12:05:00
1019,2,2026-02-06 12:05:00
1020,3,2026-02-06 12:05:00
1021,1,2026-02-06 12:06:00
1022,2,2026-02-06 12:06:00
1023,3,2026-02-06 12:06:00
1024,1,2026-02-06 12:07:00
1025,2,2026-02-06 12:07:00
1026,3,2026-02-06 12:07:00
1027,1,2026-02-06 12:08:00
1028,2,2026-02-06 12:08:00
1029,3,2026-02-06 12:08:00
1030,1,2026-02-06 12:09:00
1031,2,2026-02-06 12:09:00
1032,3,2026-02-06 12:09:00
1033,1,2026-02-06 12:10:00
1034,2,2026-02-06 12:10:00
1035,3,2026-02-06 12:10:00
1036,1,2026-02-06 12:11:00
1037,2,2026-02-06 12:11:00
1038,3,2026-02-06 12:11:00
1039,1,2026-02-06 12:12:00
1040,2,2026-02-06 12:12:00
1041,3,2026-02-06 12:12:00
1042,1,2026-02-06 12:13:00
1043,2,2026-02-06 12:13:00
1044,3,2026-02-06 12:13:00
1045,1,2026-02-06 12:14:00
1046,2,2026-02-06 12:14:00
1047,3,2026-02-06 12:14:00
1048,1,2026-02-06 12:15:00
1049,2,2026-02-06 12:15:00
1050,3,2026-02-06 12:15:00
1051,1,2026-02-06 12:16:00
1052,2,2026-02-06 12:16:00
1053,3,2026-02-06 12:16:00
1054,1,2026-02-06 12:17:00
1055,2,2026-02-06 12:17:00
1056,3,2026-02-06 12:17:00
1057,1,2026-02-06 12:18:00
1058,2,2026-02-06 12:18:00
1059,3,2026-02-06 12:18:00
1060,1,2026-02-06 12:19:00
1061,2,2026-02-06 12:19:00
1062,3,2026-02-06 12:19:00
1063,1,2026-02-06 12:20:00
1064,2,2026-02-06 12:20:00
1065,3,2026-02-06 12:20:00
1066,1,2026-02-06 12:21:00
1067,2,2026-02-06 12:21:00
1068,3,2026-02-06 12:21:00
1069,1,2026-02-06 12:22:00
1070,2,2026-02-06 12:22:00
1071,3,2026-02-06 12:22:00
1072,1,2026-02-06 12:23:00
1073,2,2026-02-06 12:23:00
1074,3,2026-02-06 12:23:00
1075,1,2026-02-06 12:24:00
1076,2,2026-02-06 12:24:00
1077,3,2026-02-06 12:24:00
1078,1,2026-02-06 12:25:00
1079,2,2026-02-06 12:25:00
1080,3,2026-02-06 12:25:00
1081,1,2026-02-06 12:26:00
1082,2,2026-02-06 12:26:00
1083,3,2026-02-06 12:26:00
1084,1,2026-02-06 12:27:00
1085,2,2026-02-06 12:27:00
1086,3,2026-02-06 12:27:00
1087,1,2026-02-06 12:28:00
1088,2,2026-02-06 12:28:00
1089,3,2026-02-06 12:28:00
1090,1,2026-02-06 12:29:00
1091,2,2026-02-06 12:29:00
1092,3,2026-02-06 12:29:00
1093,1,2026-02-06 12:30:00
1094,2,2026-02-06 12:30:00
1095,3,2026-02-06 12:30:00
1096,1,2026-02-06 12:31:00
1097,2,2026-02-06 12:31:00
1098,3,2026-02-06 12:31:00
1099,1,2026-02-06 12:32:00
1100,2,2026-02-06 12:32:00
1101,3,2026-02-06 12:32:00
1102,1,2026-02-06 12:33:00
1103,2,2026-02-06 12:33:00
1104,3,2026-02-06 12:33:00
1105,1,2026-02-06 12:34:00
1106,2,2026-02-06 12:34:00
1107,3,2026-02-06 12:34:00
1108,1,2026-02-06 12:35:00
1109,2,2026-02-06 12:35:00
1110,3,2026-02-06 12:35:00
1111,1,2026-02-06 12:36:00
1112,2,2026-02-06 12:36:00
1113,3,2026-02-06 12:36:00
1114,1,2026-02-06 12:37:00
1115,2,2026-02-06 12:37:00
1116,3,2026-02-06 12:37:00
1117,1,2026-02-06 12:38:00
1118,2,2026-02-06 12:38:00
1119,3,2026-02-06 12:38:00
1120,1,2026-02-06 12:39:00
1121,2,2026-02-06 12:39:00
1122,3,2026-02-06 12:39:00
1123,1,2026-02-06 12:40:00
1124,2,2026-02-06 12:40:00
1125,3,2026-02-06 12:40:00
1126,1,2026-02-06 12:41:00
1127,2,2026-02-06 12:41:00
1128,3,2026-02-06 12:41:00
1129,1,2026-02-06 12:42:00
1130,2,2026-02-06 12:42:00
1131,3,2026-02-06 12:42:00
1132,1,2026-02-06 12:43:00
1133,2,2026-02-06 12:43:00
1134,3,2026-02-06 12:43:00
1135,1,2026-02-06 12:44:00
1136,2,2026-02-06 12:44:00
1137,3,2026-02-06 12:44:00
1138,1,2026-02-06 12:45:00
1139,2,2026-02-06 12:45:00
1140,3,2026-02-06 12:45:00
1141,1,2026-02-06 12:46:00
1142,2,2026-02-06 12:46:00
1143,3,2026-02-06 12:46:00
1144,1,2026-02-06 12:47:00
1145,2,2026-02-06 12:47:00
1146,3,2026-02-06 12:47:00
1147,1,2026-02-06 12:48:00
1148,2,2026-02-06 12:48:00
1149,3,2026-02-06 12:48:00
1150,1,2026-02-06 12:49:00
1151,2,2026-02-06 12:49:00
1152,3,2026-02-06 12:49:00
1153,1,2026-02-06 12:50:00
1154,2,2026-02-06 12:50:00
1155,3,2026-02-06 12:50:00
1156,1,2026-02-06 12:51:00
1157,2,2026-02-06 12:51:00
1158,3,2026-02-06 12:51:00
1159,1,2026-02-06 12:52:00
1160,2,2026-02-06 12:52:00
1161,3,2026-02-06 12:52:00
1162,1,2026-02-06 12:53:00
1163,2,2026-02-06 12:53:00
1164,3,2026-02-06 12:53:00
1165,1,2026-02-06 12:54:00
1166,2,2026-02-06 12:54:00
1167,3,2026-02-06 12:54:00
1168,1,2026-02-06 12:55:00
1169,2,2026-02-06 12:55:00
1170,3,2026-02-06 12:55:00
1171,1,2026-02-06 12:56:00
1172,2,2026-02-06 12:56:00
1173,3,2026-02-06 12:56:00
1174,1,2026-02-06 12:57:00
1175,2,2026-02-06 12:57:00
1176,3,2026-02-06 12:57:00
1177,1,2026-02-06 12:58:00
1178,2,2026-02-06 12:58:00
1179,3,2026-02-06 12:58:00
1180,1,2026-02-06 12:59:00
1181,2,2026-02-06 12:59:00
1182,3,2026-02-06 12:59:00
1183,1,2026-02-06 13:00:00
1184,2,2026-02-06 13:00:00
1185,3,2026-02-06 13:00:00
1186,1,2026-02-06 13:01:00
1187,2,2026-02-06 13:01:00
1188,3,2026-02-06 13:01:00
1189,1,2026-02-06 13:02:00
1190,2,2026-02-06 13:02:00
1191,3,2026-02-06 13:02:00
1192,1,2026-02-06 13:03:00
1193,2,2026-02-06 13:03:00
1194,3,2026-02-06 13:03:00
1195,1,2026-02-06 13:04:00
1196,2,2026-02-06 13:04:00
1197,3,2026-02-06 13:04:00
1198,1,2026-02-06 13:05:00
1199,2,2026-02-06 13:05:00
1200,3,2026-02-06 13:05:00
1201,1,2026-02-06 13:06:00
1202,2,2026-02-06 13:06:00
1203,3,2026-02-06 13:06:00
1204,1,2026-02-06 13:07:00
1205,2,2026-02-06 13:07:00
1206,3,2026-02-06 13:07:00
1207,1,2026-02-06 13:08:00
1208,2,2026-02-06 13:08:00
1209,3,2026-02-06 13:08:00
1210,1,2026-02-06 13:09:00
1211,2,2026-02-06 13:09:00
1212,3,2026-02-06 13:09:00
1213,1,2026-02-06 13:10:00
1214,2,2026-02-06 13:10:00
1215,3,2026-02-06 13:10:00
1216,1,2026-02-06 13:11:00
1217,2,2026-02-06 13:11:00
1218,3,2026-02-06 13:11:00
1219,1,2026-02-06 13:12:00
1220,2,2026-02-06 13:12:00
1221,3,2026-02-06 13:12:00
1222,1,2026-02-06 13:13:00
1223,2,2026-02-06 13:13:00
1224,3,2026-02-06 13:13:00
1225,1,2026-02-06 13:14:00
1226,2,2026-02-06 13:14:00
1227,3,2026-02-06 13:14:00
1228,1,2026-02-06 13:15:00
1229,2,2026-02-06 13:15:00
1230,3,2026-02-06 13:15:00
1231,1,2026-02-06 13:16:00
1232,2,2026-02-06 13:16:00
1233,3,2026-02-06 13:16:00
1234,1,2026-02-06 13:17:00
1235,2,2026-02-06 13:17:00
1236,3,2026-02-06 13:17:00
1237,1,2026-02-06 13:18:00
1238,2,2026-02-06 13:18:00
1239,3,2026-02-06 13:18:00
1240,1,2026-02-06 13:19:00
1241,2,2026-02-06 13:19:00
1242,3,2026-02-06 13:19:00
1243,1,2026-02-06 13:20:00
1244,2,2026-02-06 13:20:00
1245,3,2026-02-06 13:20:00
1246,1,2026-02-06 13:21:00
1247,2,2026-02-06 13:21:00
1248,3,2026-02-06 13:21:00
1249,1,2026-02-06 13:22:00
1250,2,2026-02-06 13:22:00
1251,3,2026-02-06 13:22:00
1252,1,2026-02-06 13:23:00
1253,2,2026-02-06 13:23:00
1254,3,2026-02-06 13:23:00
1255,1,2026-02-06 13:24:00
1256,2,2026-02-06 13:24:00
1257,3,2026-02-06 13:24:00
1258,1,2026-02-06 13:25:00
1259,2,2026-02-06 13:25:00
1260,3,2026-02-06 13:25:00
1261,1,2026-02-06 13:26:00
1262,2,2026-02-06 13:26:00
1263,3,2026-02-06 13:26:00
1264,1,2026-02-06 13:27:00
1265,2,2026-02-06 13:27:00
1266,3,2026-02-06 13:27:00
1267,1,2026-02-06 13:28:00
1268,2,2026-02-06 13:28:00
1269,3,2026-02-06 13:28:00
1270,1,2026-02-06 13:29:00
1271,2,2026-02-06 13:29:00
1272,3,2026-02-06 13:29:00
1273,1,2026-02-06 13:30:00
1274,2,2026-02-06 13:30:00
1275,3,2026-02-06 13:30:00
1276,1,2026-02-06 13:31:00
1277,2,2026-02-06 13:31:00
1278,3,2026-02-06 13:31:00
1279,1,2026-02-06 13:32:00
1280,2,2026-02-06 13:32:00
1281,3,2026-02-06 13:32:00
1282,1,2026-02-06 13:33:00
1283,2,2026-02-06 13:33:00
1284,3,2026-02-06 13:33:00
1285,1,2026-02-06 13:34:00
1286,2,2026-02-06 13:34:00
1287,3,2026-02-06 13:34:00
1288,1,2026-02-06 13:35:00
1289,2,2026-02-06 13:35:00
1290,3,2026-02-06 13:35:00
1291,1,2026-02-06 13:36:00
1292,2,2026-02-06 13:36:00
1293,3,2026-02-06 13:36:00
1294,1,2026-02-06 13:37:00
1295,2,2026-02-06 13:37:00
1296,3,2026-02-06 13:37:00
1297,1,2026-02-06 13:38:00
1298,2,2026-02-06 13:38:00
1299,3,2026-02-06 13:38:00
1300,1,2026-02-06 13:39:00
1301,2,2026-02-06 13:39:00
1302,3,2026-02-06 13:39:00
1303,1,2026-02-06 13:40:00
1304,2,2026-02-06 13:40:00
1305,3,2026-02-06 13:40:00
1306,1,2026-02-06 13:41:00
1307,2,2026-02-06 13:41:00
1308,3,2026-02-06 13:41:00
1309,1,2026-02-06 13:42:00
1310,2,2026-02-06 13:42:00
1311,3,2026-02-06 13:42:00
1312,1,2026-02-06 13:43:00
1313,2,2026-02-06 13:43:00
1314,3,2026-02-06 13:43:00
1315,1,2026-02-06 13:44:00
1316,2,2026-02-06 13:44:00
1317,3,2026-02-06 13:44:00
1318,1,2026-02-06 13:45:00
1319,2,2026-02-06 13:45:00
1320,3,2026-02-06 13:45:00
1321,1,2026-02-06 13:46:00
1322,2,2026-02-06 13:46:00
1323,3,2026-02-06 13:46:00
1324,1,2026-02-06 13:47:00
1325,2,2026-02-06 13:47:00
1326,3,2026-02-06 13:47:00
1327,1,2026-02-06 13:48:00
1328,2,2026-02-06 13:48:00
1329,3,2026-02-06 13:48:00
1330,1,2026-02-06 13:49:00
1331,2,2026-02-06 13:49:00
1332,3,2026-02-06 13:49:00
1333,1,2026-02-06 13:50:00
1334,2,2026-02-06 13:50:00
1335,3,2026-02-06 13:50:00
1336,1,2026-02-06 13:51:00
1337,2,2026-02-06 13:51:00
1338,3,2026-02-06 13:51:00
1339,1,2026-02-06 13:52:00
1340,2,2026-02-06 13:52:00
1341,3,2026-02-06 13:52:00
1342,1,2026-02-06 13:53:00
1343,2,2026-02-06 13:53:00
1344,3,2026-02-06 13:53:00
1345,1,2026-02-06 13:54:00
1346,2,2026-02-06 13:54:00
1347,3,2026-02-06 13:54:00
1348,1,2026-02-06 13:55:00
1349,2,2026-02-06 13:55:00
1350,3,2026-02-06 13:55:00
1351,1,2026-02-06 13:56:00
1352,2,2026-02-06 13:56:00
1353,3,2026-02-06 13:56:00
1354,1,2026-02-06 13:57:00
1355,2,2026-02-06 13:57:00
1356,3,2026-02-06 13:57:00
1357,1,2026-02-06 13:58:00
1358,2,2026-02-06 13:58:00
1359,3,2026-02-06 13:58:00
1360,1,2026-02-06 13:59:00
1361,2,2026-02-06 13:59:00
1362,3,2026-02-06 13:59:00
1363,1,2026-02-06 14:00:00
1364,2,2026-02-06 14:00:00
1365,3,2026-02-06 14:00:00
1366,1,2026-02-06 14:01:00
1367,2,2026-02-06 14:01:00
1368,3,2026-02-06 14:01:00
1369,1,2026-02-06 14:02:00
1370,2,2026-02-06 14:02:00
1371,3,2026-02-06 14:02:00
1372,1,2026-02-06 14:03:00
1373,2,2026-02-06 14:03:00
1374,3,2026-02-06 14:03:00
1375,1,2026-02-06 14:04:00
1376,2,2026-02-06 14:04:00
1377,3,2026-02-06 14:04:00
1378,1,2026-02-06 14:05:00
1379,2,2026-02-06 14:05:00
1380,3,2026-02-06 14:05:00
1381,1,2026-02-06 14:06:00
1382,2,2026-02-06 14:06:00
1383,3,2026-02-06 14:06:00
1384,1,2026-02-06 14:07:00
1385,2,2026-02-06 14:07:00
1386,3,2026-02-06 14:07:00
1387,1,2026-02-06 14:08:00
1388,2,2026-02-06 14:08:00
1389,3,2026-02-06 14:08:00
1390,1,2026-02-06 14:09:00
1391,2,2026-02-06 14:09:00
1392,3,2026-02-06 14:09:00
1393,1,2026-02-06 14:10:00
1394,2,2026-02-06 14:10:00
1395,3,2026-02-06 14:10:00
1396,1,2026-02-06 14:11:00
1397,2,2026-02-06 14:11:00
1398,3,2026-02-06 14:11:00
1399,1,2026-02-06 14:12:00
1400,2,2026-02-06 14:12:00
1401,3,2026-02-06 14:12:00
1402,1,2026-02-06 14:13:00
1403,2,2026-02-06 14:13:00
1404,3,2026-02-06 14:13:00
1405,1,2026-02-06 14:14:00
1406,2,2026-02-06 14:14:00
1407,3,2026-02-06 14:14:00
1408,1,2026-02-06 14:15:00
1409,2,2026-02-06 14:15:00
1410,3,2026-02-06 14:15:00
1411,1,2026-02-06 14:16:00
1412,2,2026-02-06 14:16:00
1413,3,2026-02-06 14:16:00
1414,1,2026-02-06 14:17:00
1415,2,2026-02-06 14:17:00
1416,3,2026-02-06 14:17:00
1417,1,2026-02-06 14:18:00
1418,2,2026-02-06 14:18:00
1419,3,2026-02-06 14:18:00
1420,1,2026-02-06 14:19:00
1421,2,2026-02-06 14:19:00
1422,3,2026-02-06 14:19:00
1423,1,2026-02-06 14:20:00
1424,2,2026-02-06 14:20:00
1425,3,2026-02-06 14:20:00
1426,1,2026-02-06 14:21:00
1427,2,2026-02-06 14:21:00
1428,3,2026-02-06 14:21:00
1429,1,2026-02-06 14:22:00
1430,2,2026-02-06 14:22:00
1431,3,2026-02-06 14:22:00
1432,1,2026-02-06 14:23:00
1433,2,2026-02-06 14:23:00
1434,3,2026-02-06 14:23:00
1435,1,2026-02-06 14:24:00
1436,2,2026-02-06 14:24:00
1437,3,2026-02-06 14:24:00
1438,1,2026-02-06 14:25:00
1439,2,2026-02-06 14:25:00
1440,3,2026-02-06 14:25:00
1441,1,2026-02-06 14:26:00
1442,2,2026-02-06 14:26:00
1443,3,2026-02-06 14:26:00
1444,1,2026-02-06 14:27:00
1445,2,2026-02-06 14:27:00
1446,3,2026-02-06 14:27:00
1447,1,2026-02-06 14:28:00
1448,2,2026-02-06 14:28:00
1449,3,2026-02-06 14:28:00
1450,1,2026-02-06 14:29:00
1451,2,2026-02-06 14:29:00
1452,3,2026-02-06 14:29:00
1453,1,2026-02-06 14:30:00
1454,2,2026-02-06 14:30:00
1455,3,2026-02-06 14:30:00
1456,1,2026-02-06 14:31:00
1457,2,2026-02-06 14:31:00
1458,3,2026-02-06 14:31:00
1459,1,2026-02-06 14:32:00
1460,2,2026-02-06 14:32:00
1461,3,2026-02-06 14:32:00
1462,1,2026-02-06 14:33:00
1463,2,2026-02-06 14:33:00
1464,3,2026-02-06 14:33:00
1465,1,2026-02-06 14:34:00
1466,2,2026-02-06 14:34:00
1467,3,2026-02-06 14:34:00
1468,1,2026-02-06 14:35:00
1469,2,2026-02-06 14:35:00
1470,3,2026-02-06 14:35:00
1471,1,2026-02-06 14:36:00
1472,2,2026-02-06 14:36:00
1473,3,2026-02-06 14:36:00
1474,1,2026-02-06 14:37:00
1475,2,2026-02-06 14:37:00
1476,3,2026-02-06 14:37:00
1477,1,2026-02-06 14:38:00
1478,2,2026-02-06 14:38:00
1479,3,2026-02-06 14:38:00
1480,1,2026-02-06 14:39:00
1481,2,2026-02-06 14:39:00
1482,3,2026-02-06 14:39:00
1483,1,2026-02-06 14:40:00
1484,2,2026-02-06 14:40:00
1485,3,2026-02-06 14:40:00
1486,1,2026-02-06 14:41:00
1487,2,2026-02-06 14:41:00
1488,3,2026-02-06 14:41:00
1489,1,2026-02-06 14:42:00
1490,2,2026-02-06 14:42:00
1491,3,2026-02-06 14:42:00
1492,1,2026-02-06 14:43:00
1493,2,2026-02-06 14:43:00
1494,3,2026-02-06 14:43:00
1495,1,2026-02-06 14:44:00
1496,2,2026-02-06 14:44:00
1497,3,2026-02-06 14:44:00
1498,1,2026-02-06 14:45:00
1499,2,2026-02-06 14:45:00
1500,3,2026-02-06 14:45:00
1501,1,2026-02-06 14:46:00
1502,2,2026-02-06 14:46:00
1503,3,2026-02-06 14:46:00
1504,1,2026-02-06 14:47:00
1505,2,2026-02-06 14:47:00
1506,3,2026-02-06 14:47:00
1507,1,2026-02-06 14:48:00
1508,2,2026-02-06 14:48:00
1509,3,2026-02-06 14:48:00
1510,1,2026-02-06 14:49:00
1511,2,2026-02-06 14:49:00
1512,3,2026-02-06 14:49:00
1513,1,2026-02-06 14:50:00
1514,2,2026-02-06 14:50:00
1515,3,2026-02-06 14:50:00
1516,1,2026-02-06 14:51:00
1517,2,2026-02-06 14:51:00
1518,3,2026-02-06 14:51:00
1519,1,2026-02-06 14:52:00
1520,2,2026-02-06 14:52:00
1521,3,2026-02-06 14:52:00
1522,1,2026-02-06 14:53:00
1523,2,2026-02-06 14:53:00
1524,3,2026-02-06 14:53:00
1525,1,2026-02-06 14:54:00
1526,2,2026-02-06 14:54:00
1527,3,2026-02-06 14:54:00
1528,1,2026-02-06 14:55:00
1529,2,2026-02-06 14:55:00
1530,3,2026-02-06 14:55:00
1531,1,2026-02-06 14:56:00
1532,2,2026-02-06 14:56:00
1533,3,2026-02-06 14:56:00
1534,1,2026-02-06 14:57:00
1535,2,2026-02-06 14:57:00
1536,3,2026-02-06 14:57:00
1537,1,2026-02-06 14:58:00
1538,2,2026-02-06 14:58:00
1539,3,2026-02-06 14:58:00
1540,1,2026-02-06 14:59:00
1541,2,2026-02-06 14:59:00
1542,3,2026-02-06 14:59:00
1543,1,2026-02-06 15:00:00
1544,2,2026-02-06 15:00:00
1545,3,2026-02-06 15:00:00
1546,1,2026-02-06 15:01:00
1547,2,2026-02-06 15:01:00
1548,3,2026-02-06 15:01:00
1549,1,2026-02-06 15:02:00
1550,2,2026-02-06 15:02:00
1551,3,2026-02-06 15:02:00
1552,1,2026-02-06 15:03:00
1553,2,2026-02-06 15:03:00
1554,3,2026-02-06 15:03:00
1555,1,2026-02-06 15:04:00
1556,2,2026-02-06 15:04:00
1557,3,2026-02-06 15:04:00
1558,1,2026-02-06 15:05:00
1559,2,2026-02-06 15:05:00
1560,3,2026-02-06 15:05:00
1561,1,2026-02-06 15:06:00
1562,2,2026-02-06 15:06:00
1563,3,2026-02-06 15:06:00
1564,1,2026-02-06 15:07:00
1565,2,2026-02-06 15:07:00
1566,3,2026-02-06 15:07:00
1567,1,2026-02-06 15:08:00
1568,2,2026-02-06 15:08:00
1569,3,2026-02-06 15:08:00
1570,1,2026-02-06 15:09:00
1571,2,2026-02-06 15:09:00
1572,3,2026-02-06 15:09:00
1573,1,2026-02-06 15:10:00
1574,2,2026-02-06 15:10:00
1575,3,2026-02-06 15:10:00
1576,1,2026-02-06 15:11:00
1577,2,2026-02-06 15:11:00
1578,3,2026-02-06 15:11:00
1579,1,2026-02-06 15:12:00
1580,2,2026-02-06 15:12:00
1581,3,2026-02-06 15:12:00
1582,1,2026-02-06 15:13:00
1583,2,2026-02-06 15:13:00
1584,3,2026-02-06 15:13:00
1585,1,2026-02-06 15:14:00
1586,2,2026-02-06 15:14:00
1587,3,2026-02-06 15:14:00
1588,1,2026-02-06 15:15:00
1589,2,2026-02-06 15:15:00
1590,3,2026-02-06 15:15:00
1591,1,2026-02-06 15:16:00
1592,2,2026-02-06 15:16:00
1593,3,2026-02-06 15:16:00
1594,1,2026-02-06 15:17:00
1595,2,2026-02-06 15:17:00
1596,3,2026-02-06 15:17:00
1597,1,2026-02-06 15:18:00
1598,2,2026-02-06 15:18:00
1599,3,2026-02-06 15:18:00
1600,1,2026-02-06 15:19:00
1601,2,2026-02-06 15:19:00
1602,3,2026-02-06 15:19:00
1603,1,2026-02-06 15:20:00
1604,2,2026-02-06 15:20:00
1605,3,2026-02-06 15:20:00
1606,1,2026-02-06 15:21:00
1607,2,2026-02-06 15:21:00
1608,3,2026-02-06 15:21:00
1609,1,2026-02-06 15:22:00
1610,2,2026-02-06 15:22:00
1611,3,2026-02-06 15:22:00
1612,1,2026-02-06 15:23:00
1613,2,2026-02-06 15:23:00
1614,3,2026-02-06 15:23:00
1615,1,2026-02-06 15:24:00
1616,2,2026-02-06 15:24:00
1617,3,2026-02-06 15:24:00
1618,1,2026-02-06 15:25:00
1619,2,2026-02-06 15:25:00
1620,3,2026-02-06 15:25:00
1621,1,2026-02-06 15:26:00
1622,2,2026-02-06 15:26:00
1623,3,2026-02-06 15:26:00
1624,1,2026-02-06 15:27:00
1625,2,2026-02-06 15:27:00
1626,3,2026-02-06 15:27:00
1627,1,2026-02-06 15:28:00
1628,2,2026-02-06 15:28:00
1629,3,2026-02-06 15:28:00
1630,1,2026-02-06 15:29:00
1631,2,2026-02-06 15:29:00
1632,3,2026-02-06 15:29:00
1633,1,2026-02-06 15:30:00
1634,2,2026-02-06 15:30:00
1635,3,2026-02-06 15:30:00
1636,1,2026-02-06 15:31:00
1637,2,2026-02-06 15:31:00
1638,3,2026-02-06 15:31:00
1639,1,2026-02-06 15:32:00
1640,2,2026-02-06 15:32:00
1641,3,2026-02-06 15:32:00
1642,1,2026-02-06 15:33:00
1643,2,2026-02-06 15:33:00
1644,3,2026-02-06 15:33:00
1645,1,2026-02-06 15:34:00
1646,2,2026-02-06 15:34:00
1647,3,2026-02-06 15:34:00
1648,1,2026-02-06 15:35:00
1649,2,2026-02-06 15:35:00
1650,3,2026-02-06 15:35:00
1651,1,2026-02-06 15:36:00
1652,2,2026-02-06 15:36:00
1653,3,2026-02-06 15:36:00
1654,1,2026-02-06 15:37:00
1655,2,2026-02-06 15:37:00
1656,3,2026-02-06 15:37:00
1657,1,2026-02-06 15:38:00
1658,2,2026-02-06 15:38:00
1659,3,2026-02-06 15:38:00
1660,1,2026-02-06 15:39:00
1661,2,2026-02-06 15:39:00
1662,3,2026-02-06 15:39:00
1663,1,2026-02-06 15:40:00
1664,2,2026-02-06 15:40:00
1665,3,2026-02-06 15:40:00
1666,1,2026-02-06 15:41:00
1667,2,2026-02-06 15:41:00
1668,3,2026-02-06 15:41:00
1669,1,2026-02-06 15:42:00
1670,2,2026-02-06 15:42:00
1671,3,2026-02-06 15:42:00
1672,1,2026-02-06 15:43:00
1673,2,2026-02-06 15:43:00
1674,3,2026-02-06 15:43:00
1675,1,2026-02-06 15:44:00
1676,2,2026-02-06 15:44:00
1677,3,2026-02-06 15:44:00
1678,1,2026-02-06 15:45:00
1679,2,2026-02-06 15:45:00
1680,3,2026-02-06 15:45:00
1681,1,2026-02-06 15:46:00
1682,2,2026-02-06 15:46:00
1683,3,2026-02-06 15:46:00
1684,1,2026-02-06 15:47:00
1685,2,2026-02-06 15:47:00
1686,3,2026-02-06 15:47:00
1687,1,2026-02-06 15:48:00
1688,2,2026-02-06 15:48:00
1689,3,2026-02-06 15:48:00
1690,1,2026-02-06 15:49:00
1691,2,2026-02-06 15:49:00
1692,3,2026-02-06 15:49:00
1693,1,2026-02-06 15:50:00
1694,2,2026-02-06 15:50:00
1695,3,2026-02-06 15:50:00
1696,1,2026-02-06 15:51:00
1697,2,2026-02-06 15:51:00
1698,3,2026-02-06 15:51:00
1699,2,2026-02-06 15:52:00
1700,3,2026-02-06 15:52:00
1701,1,2026-02-06 15:53:00
1702,2,2026-02-06 15:53:00
1703,3,2026-02-06 15:53:00
1704,1,2026-02-06 15:54:00
1705,2,2026-02-06 15:54:00
1706,3,2026-02-06 15:54:00
1707,1,2026-02-06 15:55:00
1708,2,2026-02-06 15:55:00
1709,3,2026-02-06 15:55:00
1710,1,2026-02-06 15:56:00
1711,2,2026-02-06 15:56:00
1712,3,2026-02-06 15:56:00
1713,1,2026-02-06 15:57:00
1714,2,2026-02-06 15:57:00
1715,3,2026-02-06 15:57:00
1716,1,2026-02-06 15:58:00
1717,2,2026-02-06 15:58:00
1718,3,2026-02-06 15:58:00
1719,1,2026-02-06 15:59:00
1720,2,2026-02-06 15:59:00
1721,3,2026-02-06 15:59:00
1722,1,2026-02-06 16:00:00
1723,2,2026-02-06 16:00:00
1724,3,2026-02-06 16:00:00
1725,1,2026-02-06 16:01:00
1726,2,2026-02-06 16:01:00
1727,3,2026-02-06 16:01:00
1728,1,2026-02-06 16:02:00
1729,2,2026-02-06 16:02:00
1730,3,2026-02-06 16:02:00
1731,1,2026-02-06 16:03:00
1732,2,2026-02-06 16:03:00
1733,3,2026-02-06 16:03:00
1734,1,2026-02-06 16:04:00
1735,2,2026-02-06 16:04:00
1736,3,2026-02-06 16:04:00
1737,1,2026-02-06 16:05:00
1738,2,2026-02-06 16:05:00
1739,3,2026-02-06 16:05:00
1740,1,2026-02-06 16:06:00
1741,2,2026-02-06 16:06:00
1742,3,2026-02-06 16:06:00
1743,2,2026-02-06 16:07:00
1744,3,2026-02-06 16:07:00
1745,1,2026-02-06 16:08:00
1746,2,2026-02-06 16:08:00
1747,1,2026-02-06 16:09:00
1748,2,2026-02-06 16:09:00
1749,3,2026-02-06 16:09:00
1750,1,2026-02-06 16:10:00
1751,2,2026-02-06 16:10:00
1752,3,2026-02-06 16:10:00
1753,1,2026-02-06 16:11:00
1754,2,2026-02-06 16:11:00
1755,3,2026-02-06 16:11:00
1756,1,2026-02-06 16:12:00
1757,2,2026-02-06 16:12:00
1758,3,2026-02-06 16:12:00
1759,2,2026-02-06 16:13:00
1760,3,2026-02-06 16:13:00
1761,2,2026-02-06 16:14:00
1762,3,2026-02-06 16:14:00
1763,2,2026-02-06 16:15:00
1764,3,2026-02-06 16:15:00
1765,2,2026-02-06 16:16:00
1766,3,2026-02-06 16:16:00
1767,1,2026-02-06 16:17:00
1768,2,2026-02-06 16:17:00
1769,3,2026-02-06 16:17:00
1770,2,2026-02-06 16:18:00
1771,3,2026-02-06 16:18:00
1772,1,2026-02-06 16:19:00
1773,2,2026-02-06 16:19:00
1774,3,2026-02-06 16:19:00
1775,2,2026-02-06 16:20:00
1776,3,2026-02-06 16:20:00
1777,2,2026-02-06 16:21:00
1778,3,2026-02-06 16:21:00
1779,2,2026-02-06 16:22:00
1780,3,2026-02-06 16:22:00
1781,2,2026-02-06 16:23:00
1782,3,2026-02-06 16:23:00
1783,1,2026-02-06 16:24:00
1784,2,2026-02-06 16:24:00
1785,3,2026-02-06 16:24:00
1786,2,2026-02-06 16:25:00
1787,3,2026-02-06 16:25:00
1788,2,2026-02-06 16:26:00
1789,1,2026-02-06 16:27:00
1790,2,2026-02-06 16:27:00
1791,3,2026-02-06 16:27:00
1792,2,2026-02-06 16:28:00
1793,3,2026-02-06 16:28:00
1794,2,2026-02-06 16:29:00
1795,3,2026-02-06 16:29:00
1796,2,2026-02-06 16:30:00
1797,3,2026-02-06 16:30:00
1798,2,2026-02-06 16:31:00
1799,3,2026-02-06 16:31:00
1800,2,2026-02-06 16:32:00
1801,3,2026-02-06 16:32:00
1802,1,2026-02-06 16:33:00
1803,2,2026-02-06 16:33:00
1804,3,2026-02-06 16:33:00
1805,2,2026-02-06 16:34:00
1806,2,2026-02-06 16:35:00
1807,3,2026-02-06 16:35:00
1808,3,2026-02-06 16:36:00
1809,2,2026-02-06 16:38:00
1810,3,2026-02-06 16:38:00
1811,2,2026-02-06 16:39:00
1812,2,2026-02-06 16:40:00
1813,3,2026-02-06 16:40:00
1814,2,2026-02-06 16:41:00
1815,3,2026-02-06 16:41:00
1816,2,2026-02-06 16:42:00
1817,3,2026-02-06 16:42:00
1818,3,2026-02-06 16:43:00
1819,2,2026-02-06 16:44:00
1820,3,2026-02-06 16:44:00
1821,2,2026-02-06 16:45:00
1822,3,2026-02-06 16:45:00
1823,2,2026-02-06 16:46:00
1824,2,2026-02-06 16:47:00
1825,2,2026-02-06 16:48:00
1826,1,2026-02-06 16:49:00
1827,2,2026-02-06 16:49:00
1828,2,2026-02-06 16:50:00
1829,3,2026-02-06 16:50:00
1830,2,2026-02-06 16:51:00
1831,3,2026-02-06 16:51:00
1832,2,2026-02-06 16:52:00
1833,3,2026-02-06 16:52:00
1834,1,2026-02-06 16:53:00
1835,2,2026-02-06 16:53:00
1836,3,2026-02-06 16:53:00
1837,2,2026-02-06 16:54:00
1838,2,2026-02-06 16:55:00
1839,1,2026-02-06 16:56:00
1840,2,2026-02-06 16:56:00
1841,3,2026-02-06 16:56:00
1842,2,2026-02-06 16:57:00
1843,2,2026-02-06 16:58:00
1844,2,2026-02-06 16:59:00
1845,2,2026-02-06 17:00:00
1846,3,2026-02-06 17:00:00
1847,2,2026-02-06 17:01:00
1848,3,2026-02-06 17:01:00
1849,1,2026-02-06 17:02:00
1850,2,2026-02-06 17:02:00
1851,3,2026-02-06 17:02:00
1852,2,2026-02-06 17:03:00
1853,3,2026-02-06 17:03:00
1854,2,2026-02-06 17:04:00
1855,3,2026-02-06 17:04:00
1856,2,2026-02-06 17:05:00
1857,3,2026-02-06 17:05:00
1858,1,2026-02-06 17:06:00
1859,2,2026-02-06 17:06:00
1860,3,2026-02-06 17:06:00
1861,1,2026-02-06 17:07:00
1862,2,2026-02-06 17:07:00
1863,3,2026-02-06 17:07:00
1864,2,2026-02-06 17:08:00
1865,3,2026-02-06 17:08:00
1866,2,2026-02-06 17:09:00
1867,3,2026-02-06 17:09:00
1868,1,2026-02-06 17:10:00
1869,2,2026-02-06 17:10:00
1870,3,2026-02-06 17:10:00
1871,1,2026-02-06 17:11:00
1872,2,2026-02-06 17:11:00
1873,3,2026-02-06 17:11:00
1874,1,2026-02-06 17:12:00
1875,2,2026-02-06 17:12:00
1876,3,2026-02-06 17:12:00
1877,1,2026-02-06 17:13:00
1878,2,2026-02-06 17:13:00
1879,3,2026-02-06 17:13:00
1880,1,2026-02-06 17:14:00
1881,2,2026-02-06 17:14:00
1882,3,2026-02-06 17:14:00
1883,1,2026-02-06 17:15:00
1884,2,2026-02-06 17:15:00
1885,3,2026-02-06 17:15:00
1886,2,2026-02-06 17:16:00
1887,3,2026-02-06 17:16:00
1888,1,2026-02-06 17:17:00
1889,2,2026-02-06 17:17:00
1890,3,2026-02-06 17:17:00
1891,1,2026-02-06 17:18:00
1892,2,2026-02-06 17:18:00
1893,3,2026-02-06 17:18:00
1894,1,2026-02-06 17:19:00
1895,2,2026-02-06 17:19:00
1896,3,2026-02-06 17:19:00
1897,1,2026-02-06 17:20:00
1898,2,2026-02-06 17:20:00
1899,3,2026-02-06 17:20:00
1900,2,2026-02-06 17:21:00
1901,3,2026-02-06 17:21:00
1902,1,2026-02-06 17:22:00
1903,2,2026-02-06 17:22:00
1904,1,2026-02-06 17:23:00
1905,2,2026-02-06 17:23:00
1906,3,2026-02-06 17:23:00
1907,1,2026-02-06 17:24:00
1908,2,2026-02-06 17:24:00
1909,3,2026-02-06 17:24:00
1910,1,2026-02-06 17:25:00
1911,2,2026-02-06 17:25:00
1912,3,2026-02-06 17:25:00
1913,1,2026-02-06 17:26:00
1914,2,2026-02-06 17:26:00
1915,3,2026-02-06 17:26:00
1916,1,2026-02-06 17:27:00
1917,2,2026-02-06 17:27:00
1918,3,2026-02-06 17:27:00
1919,1,2026-02-06 17:28:00
1920,2,2026-02-06 17:28:00
1921,3,2026-02-06 17:28:00
1922,1,2026-02-06 17:29:00
1923,2,2026-02-06 17:29:00
1924,3,2026-02-06 17:29:00
1925,1,2026-02-06 17:30:00
1926,2,2026-02-06 17:30:00
1927,3,2026-02-06 17:30:00
1928,1,2026-02-06 17:31:00
1929,2,2026-02-06 17:31:00
1930,3,2026-02-06 17:31:00
1931,1,2026-02-06 17:32:00
1932,2,2026-02-06 17:32:00
1933,3,2026-02-06 17:32:00
1934,1,2026-02-06 17:33:00
1935,2,2026-02-06 17:33:00
1936,3,2026-02-06 17:33:00
1937,1,2026-02-06 17:34:00
1938,2,2026-02-06 17:34:00
1939,3,2026-02-06 17:34:00
1940,1,2026-02-06 17:35:00
1941,1,2026-02-06 17:36:00
1942,2,2026-02-06 17:36:00
1943,3,2026-02-06 17:36:00
1944,1,2026-02-06 17:37:00
1945,2,2026-02-06 17:37:00
1946,3,2026-02-06 17:37:00
1947,1,2026-02-06 17:38:00
1948,2,2026-02-06 17:38:00
1949,3,2026-02-06 17:38:00
1950,1,2026-02-06 17:39:00
1951,2,2026-02-06 17:39:00
1952,3,2026-02-06 17:39:00
1953,1,2026-02-06 17:40:00
1954,3,2026-02-06 17:40:00
1955,1,2026-02-06 17:41:00
1956,2,2026-02-06 17:41:00
1957,3,2026-02-06 17:41:00
1958,1,2026-02-06 17:42:00
1959,2,2026-02-06 17:42:00
1960,3,2026-02-06 17:42:00
1961,1,2026-02-06 17:43:00
1962,2,2026-02-06 17:43:00
1963,3,2026-02-06 17:43:00
1964,1,2026-02-06 17:44:00
1965,2,2026-02-06 17:44:00
1966,3,2026-02-06 17:44:00
1967,1,2026-02-06 17:45:00
1968,2,2026-02-06 17:45:00
1969,1,2026-02-06 17:46:00
1970,2,2026-02-06 17:46:00
1971,3,2026-02-06 17:46:00
1972,1,2026-02-06 17:47:00
1973,2,2026-02-06 17:47:00
1974,3,2026-02-06 17:47:00
1975,1,2026-02-06 17:48:00
1976,2,2026-02-06 17:48:00
1977,3,2026-02-06 17:48:00
1978,1,2026-02-06 17:49:00
1979,2,2026-02-06 17:49:00
1980,3,2026-02-06 17:49:00
1981,1,2026-02-06 17:50:00
1982,2,2026-02-06 17:50:00
1983,3,2026-02-06 17:50:00
1984,1,2026-02-06 17:51:00
1985,2,2026-02-06 17:51:00
1986,3,2026-02-06 17:51:00
1987,1,2026-02-06 17:52:00
1988,2,2026-02-06 17:52:00
1989,3,2026-02-06 17:52:00
1990,1,2026-02-06 17:53:00
1991,2,2026-02-06 17:53:00
1992,3,2026-02-06 17:53:00
1993,1,2026-02-06 17:54:00
1994,2,2026-02-06 17:54:00
1995,3,2026-02-06 17:54:00
1996,1,2026-02-06 17:55:00
1997,2,2026-02-06 17:55:00
1998,3,2026-02-06 17:55:00
1999,1,2026-02-06 17:56:00
2000,2,2026-02-06 17:56:00
2001,3,2026-02-06 17:56:00
2002,1,2026-02-06 17:57:00
2003,2,2026-02-06 17:57:00
2004,3,2026-02-06 17:57:00
2005,1,2026-02-06 17:58:00
2006,2,2026-02-06 17:58:00
2007,3,2026-02-06 17:58:00
2008,1,2026-02-06 17:59:00
2009,2,2026-02-06 17:59:00
2010,3,2026-02-06 17:59:00
