measurement_id,jumlah_mobil,jumlah_bus,jumlah_truck,jumlah_kendaraan,jumlah_bobot_kendaraan
1,31,2,3,36,37.0
2,28,1,5,34,35.2
3,26,2,7,35,36.8
4,22,4,4,30,31.6
5,30,3,3,36,37.2
6,29,3,4,36,37.4
7,27,3,4,34,35.4
8,21,2,4,27,28.2
9,28,2,5,35,36.4
10,31,2,5,38,39.4
11,27,0,3,30,30.6
12,27,4,5,36,37.8
13,23,2,6,31,32.6
14,24,2,5,31,32.4
15,34,2,6,42,43.6
16,25,3,3,31,32.2
17,22,4,3,29,30.4
18,29,0,4,33,33.8
19,27,3,3,33,34.2
20,27,2,6,35,36.6
21,28,3,4,35,36.4
22,32,2,3,37,38.0
23,24,0,4,28,28.8
24,26,2,5,33,34.4
25,25,1,5,31,32.2
26,25,0,3,28,28.6
27,28,3,5,36,37.6
28,35,1,2,38,38.6
29,23,2,2,27,27.8
30,34,1,4,39,40.0
31,30,2,2,34,34.8
32,24,2,5,31,32.4
33,32,2,4,38,39.2
34,33,1,3,37,37.8
35,28,1,2,31,31.6
36,31,5,5,41,43.0
37,30,2,1,33,33.6
38,26,3,4,33,34.4
39,31,1,4,36,37.0
40,30,2,4,36,37.2
41,31,3,2,36,37.0
42,33,2,5,40,41.4
43,27,4,6,37,39.0
44,27,3,4,34,35.4
45,33,2,3,38,39.0
46,27,3,6,36,37.8
47,32,3,6,41,42.8
48,31,3,6,40,41.8
49,26,3,4,33,34.4
50,30,2,3,35,36.0
51,25,3,4,32,33.4
52,29,3,6,38,39.8
53,29,3,2,34,35.0
54,31,3,7,41,43.0
55,36,2,8,46,48.0
56,28,1,5,34,35.2
57,31,1,7,39,40.6
58,28,3,5,36,37.6
59,30,2,3,35,36.0
60,34,3,5,42,43.6
61,32,1,4,37,38.0
62,26,2,4,32,33.2
63,31,3,5,39,40.6
64,31,4,5,40,41.8
65,26,3,4,33,34.4
66,30,1,7,38,39.6
67,31,3,4,38,39.4
68,30,2,5,37,38.4
69,34,0,7,41,42.4
70,31,4,4,39,40.6
71,27,3,3,33,34.2
72,37,2,4,43,44.2
73,31,1,4,36,37.0
74,29,2,3,34,35.0
75,30,3,5,38,39.6
76,33,3,3,39,40.2
77,29,2,3,34,35.0
78,36,4,5,45,46.8
79,34,4,5,43,44.8
80,27,3,6,36,37.8
81,42,3,4,49,50.4
82,33,2,6,41,42.6
83,30,3,4,37,38.4
84,36,3,6,45,46.8
85,35,2,5,42,43.4
86,30,3,5,38,39.6
87,32,2,5,39,40.4
88,30,4,3,37,38.4
89,32,2,9,43,45.2
90,34,3,6,43,44.8
91,33,3,5,41,42.6
92,42,6,9,57,60.0
93,39,2,7,48,49.8
94,40,3,2,45,46.0
95,29,3,6,38,39.8
96,37,2,6,45,46.6
97,33,3,2,38,39.0
98,32,4,5,41,42.8
99,38,3,5,46,47.6
100,38,2,4,44,45.2
101,33,3,3,39,40.2
102,34,3,8,45,47.2
103,37,3,5,45,46.6
104,35,2,4,41,42.2
105,34,3,5,42,43.6
106,36,4,5,45,46.8
107,32,2,7,41,42.8
108,47,2,4,53,54.2
109,35,4,7,46,48.2
110,36,3,3,42,43.2
111,35,4,6,45,47.0
112,38,2,5,45,46.4
113,29,3,4,36,37.4
114,42,5,5,52,54.0
115,36,3,8,47,49.2
116,34,4,6,44,46.0
117,44,3,5,52,53.6
118,42,1,4,47,48.0
119,32,3,6,41,42.8
120,39,5,4,48,49.8
121,37,2,6,45,46.6
122,31,3,5,39,40.6
123,43,2,8,53,55.0
124,39,4,4,47,48.6
125,37,3,5,45,46.6
126,40,4,5,49,50.8
127,40,3,6,49,50.8
128,39,3,5,47,48.6
129,38,3,6,47,48.8
130,34,4,5,43,44.8
131,38,4,5,47,48.8
132,37,4,9,50,52.6
133,44,3,4,51,52.4
134,34,4,6,44,46.0
135,39,3,6,48,49.8
136,40,3,7,50,52.0
137,31,2,6,39,40.6
138,42,1,9,52,54.0
139,32,4,10,46,48.8
140,40,4,3,47,48.4
141,45,4,5,54,55.8
142,37,4,4,45,46.6
143,40,3,6,49,50.8
144,45,3,4,52,53.4
145,35,4,7,46,48.2
146,39,3,1,43,43.8
147,43,4,6,53,55.0
148,40,3,7,50,52.0
149,41,4,5,50,51.8
150,42,3,6,51,52.8
151,39,4,6,49,51.0
152,42,2,7,51,52.8
153,43,1,6,50,51.4
154,35,5,10,50,53.0
155,37,3,5,45,46.6
156,46,3,6,55,56.8
157,40,2,6,48,49.6
158,40,4,8,52,54.4
159,46,3,8,57,59.2
160,46,3,6,55,56.8
161,39,1,5,45,46.2
162,41,5,7,53,55.4
163,35,4,7,46,48.2
164,38,4,6,48,50.0
165,43,3,8,54,56.2
166,34,4,7,45,47.2
167,39,2,5,46,47.4
168,41,3,7,51,53.0
169,46,3,6,55,56.8
170,36,2,8,46,48.0
171,46,3,8,57,59.2
172,42,3,7,52,54.0
173,39,4,4,47,48.6
174,44,3,8,55,57.2
175,39,3,8,50,52.2
176,40,3,8,51,53.2
177,44,2,8,54,56.0
178,46,3,6,55,56.8
179,47,3,5,55,56.6
180,39,4,7,50,52.2
181,41,3,4,48,49.4
182,41,4,7,52,54.2
183,51,3,4,58,59.4
184,46,2,3,51,52.0
185,40,2,6,48,49.6
186,46,4,3,53,54.4
187,45,5,5,55,57.0
188,44,4,4,52,53.6
189,40,6,7,53,55.6
190,40,3,4,47,48.4
191,45,5,7,57,59.4
192,40,5,7,52,54.4
193,40,5,6,51,53.2
194,40,3,6,49,50.8
195,45,6,5,56,58.2
196,42,4,8,54,56.4
197,47,4,5,56,57.8
198,43,5,7,55,57.4
199,43,3,7,53,55.0
200,44,4,7,55,57.2
201,42,3,7,52,54.0
202,48,4,4,56,57.6
203,42,3,5,50,51.6
204,40,4,9,53,55.6
205,43,4,7,54,56.2
206,45,5,7,57,59.4
207,44,4,9,57,59.6
208,50,1,7,58,59.6
209,42,3,6,51,52.8
210,44,1,8,53,54.8
211,41,5,8,54,56.6
212,42,3,7,52,54.0
213,42,3,6,51,52.8
214,48,4,4,56,57.6
215,46,3,7,56,58.0
216,46,2,5,53,54.4
217,49,3,4,56,57.4
218,42,5,9,56,58.8
219,44,3,6,53,54.8
220,43,3,5,51,52.6
221,41,4,5,50,51.8
222,46,1,10,57,59.2
223,41,3,10,54,56.6
224,48,4,6,58,60.0
225,47,2,6,55,56.6
226,46,2,6,54,55.6
227,45,3,6,54,55.8
228,40,3,7,50,52.0
229,42,4,8,54,56.4
230,42,4,9,55,57.6
231,45,6,6,57,59.4
232,42,4,7,53,55.2
233,47,3,4,54,55.4
234,45,5,7,57,59.4
235,48,4,6,58,60.0
236,43,3,10,56,58.6
237,47,5,5,57,59.0
238,45,2,6,53,54.6
239,46,3,4,53,54.4
240,45,5,4,54,55.8
241,48,5,5,58,60.0
242,47,3,7,57,59.0
243,48,1,7,56,57.6
244,46,5,6,57,59.2
245,38,5,7,50,52.4
246,46,5,6,57,59.2
247,50,1,4,55,56.0
248,47,4,6,57,59.0
249,39,4,7,50,52.2
250,45,5,6,56,58.2
251,44,3,6,53,54.8
252,43,4,8,55,57.4
253,50,2,5,57,58.4
254,43,3,9,55,57.4
255,48,3,5,56,57.6
256,40,3,10,53,55.6
257,42,4,5,51,52.8
258,45,3,5,53,54.6
259,54,3,2,59,60.0
260,41,4,6,51,53.0
261,42,4,8,54,56.4
262,37,5,7,49,51.4
263,41,4,8,53,55.4
264,41,5,7,53,55.4
265,43,4,7,54,56.2
266,45,4,7,56,58.2
267,49,4,5,58,59.8
268,41,4,8,53,55.4
269,48,2,7,57,58.8
270,43,2,7,52,53.8
271,42,5,8,55,57.6
272,39,4,9,52,54.6
273,43,3,8,54,56.2
274,43,4,6,53,55.0
275,45,3,7,55,57.0
276,50,3,3,56,57.2
277,41,4,8,53,55.4
278,50,3,5,58,59.6
279,42,3,5,50,51.6
280,39,3,6,48,49.8
281,43,4,5,52,53.8
282,41,5,8,54,56.6
283,39,4,7,50,52.2
284,45,3,8,56,58.2
285,46,4,5,55,56.8
286,38,3,7,48,50.0
287,42,3,7,52,54.0
288,44,3,7,54,56.0
289,44,3,4,51,52.4
290,43,3,4,50,51.4
291,43,2,7,52,53.8
292,45,3,9,57,59.4
293,45,5,6,56,58.2
294,38,5,6,49,51.2
295,46,3,4,53,54.4
296,40,5,7,52,54.4
297,41,4,5,50,51.8
298,42,5,7,54,56.4
299,42,2,4,48,49.2
300,36,3,6,45,46.8
301,44,3,7,54,56.0
302,42,6,5,53,55.2
303,37,4,6,47,49.0
304,42,5,7,54,56.4
305,39,2,7,48,49.8
306,40,2,5,47,48.4
307,44,4,8,56,58.4
308,46,4,5,55,56.8
309,37,4,6,47,49.0
310,41,3,9,53,55.4
311,41,3,7,51,53.0
312,40,2,5,47,48.4
313,42,4,6,52,54.0
314,40,5,4,49,50.8
315,33,3,7,43,45.0
316,42,5,6,53,55.2
317,38,3,7,48,50.0
318,40,5,4,49,50.8
319,40,4,5,49,50.8
320,43,3,4,50,51.4
321,39,3,8,50,52.2
322,44,3,5,52,53.6
323,39,3,4,46,47.4
324,43,4,9,56,58.6
325,39,3,7,49,51.0
326,36,2,5,43,44.4
327,39,5,7,51,53.4
328,39,3,4,46,47.4
329,40,4,3,47,48.4
330,42,3,6,51,52.8
331,37,4,6,47,49.0
332,39,2,4,45,46.2
333,38,3,6,47,48.8
334,38,2,5,45,46.4
335,35,3,5,43,44.6
336,40,2,7,49,50.8
337,43,2,4,49,50.2
338,33,3,2,38,39.0
339,43,3,3,49,50.2
340,35,3,7,45,47.0
341,31,4,4,39,40.6
342,45,5,5,55,57.0
343,40,2,7,49,50.8
344,34,4,7,45,47.2
345,40,3,4,47,48.4
346,34,5,5,44,46.0
347,30,3,6,39,40.8
348,40,1,6,47,48.4
349,40,4,7,51,53.2
350,48,4,6,58,60.0
351,34,3,8,45,47.2
352,35,4,4,43,44.6
353,37,3,8,48,50.2
354,41,5,2,48,49.4
355,36,3,6,45,46.8
356,31,4,4,39,40.6
357,39,4,5,48,49.8
358,35,1,3,39,39.8
359,37,3,3,43,44.2
360,36,4,5,45,46.8
361,38,2,5,45,46.4
362,29,1,7,37,38.6
363,39,3,6,48,49.8
364,41,5,6,52,54.2
365,30,3,8,41,43.2
366,38,2,5,45,46.4
367,35,3,5,43,44.6
368,34,5,5,44,46.0
369,35,4,5,44,45.8
370,39,3,4,46,47.4
371,34,2,5,41,42.4
372,37,5,5,47,49.0
373,36,3,6,45,46.8
374,26,4,5,35,36.8
375,38,3,6,47,48.8
376,33,3,4,40,41.4
377,31,1,5,37,38.2
378,40,1,4,45,46.0
379,33,2,7,42,43.8
380,28,4,5,37,38.8
381,34,3,4,41,42.4
382,35,3,6,44,45.8
383,27,3,5,35,36.6
384,38,1,6,45,46.4
385,37,3,2,42,43.0
386,29,3,6,38,39.8
387,32,4,6,42,44.0
388,31,4,4,39,40.6
389,31,4,2,37,38.2
390,39,3,5,47,48.6
391,33,3,5,41,42.6
392,29,1,5,35,36.2
393,32,4,5,41,42.8
394,33,4,4,41,42.6
395,34,3,3,40,41.2
396,32,4,7,43,45.2
397,34,3,6,43,44.8
398,28,3,4,35,36.4
399,37,4,5,46,47.8
400,33,3,6,42,43.8
401,25,3,5,33,34.6
402,30,3,6,39,40.8
403,33,2,5,40,41.4
404,30,2,5,37,38.4
405,37,1,4,42,43.0
406,27,1,5,33,34.2
407,29,2,3,34,35.0
408,32,3,4,39,40.4
409,26,3,6,35,36.8
410,26,2,5,33,34.4
411,33,1,5,39,40.2
412,26,4,6,36,38.0
413,32,1,3,36,36.8
414,32,3,6,41,42.8
415,29,3,6,38,39.8
416,33,2,5,40,41.4
417,30,3,7,40,42.0
418,27,1,5,33,34.2
419,30,2,3,35,36.0
420,36,3,2,41,42.0
421,29,3,2,34,35.0
422,25,3,5,33,34.6
423,34,4,8,46,48.4
424,30,2,6,38,39.6
425,30,2,5,37,38.4
426,30,3,5,38,39.6
427,37,2,1,40,40.6
428,29,2,5,36,37.4
429,26,1,6,33,34.4
430,26,4,5,35,36.8
431,31,3,2,36,37.0
432,31,2,5,38,39.4
433,32,4,5,41,42.8
434,21,4,7,32,34.2
435,27,3,7,37,39.0
436,28,3,2,33,34.0
437,26,4,4,34,35.6
438,37,5,4,46,47.8
439,27,3,5,35,36.6
440,21,3,4,28,29.4
441,34,2,4,40,41.2
442,28,3,4,35,36.4
443,22,3,5,30,31.6
444,32,2,4,38,39.2
445,28,3,5,36,37.6
446,25,4,3,32,33.4
447,35,3,3,41,42.2
448,24,1,6,31,32.4
449,23,2,5,30,31.4
450,31,2,5,38,39.4
451,29,3,5,37,38.6
452,28,2,5,35,36.4
453,27,2,4,33,34.2
454,34,3,3,40,41.2
455,26,0,4,30,30.8
456,33,3,5,41,42.6
457,21,3,3,27,28.2
458,18,1,5,24,25.2
459,26,2,6,34,35.6
460,28,1,5,34,35.2
461,28,3,1,32,32.8
462,30,2,4,36,37.2
463,27,3,2,32,33.0
464,27,1,5,33,34.2
465,25,3,5,33,34.6
466,29,1,4,34,35.0
467,23,2,5,30,31.4
468,29,4,5,38,39.8
469,26,1,4,31,32.0
470,28,2,2,32,32.8
471,28,3,1,32,32.8
472,21,2,7,30,31.8
473,24,3,4,31,32.4
474,27,4,2,33,34.2
475,25,3,5,33,34.6
476,29,0,2,31,31.4
477,21,2,7,30,31.8
478,33,2,3,38,39.0
479,22,2,4,28,29.2
480,30,3,4,37,38.4
481,26,2,3,31,32.0
482,23,2,3,28,29.0
483,25,0,6,31,32.2
484,26,2,6,34,35.6
485,22,2,3,27,28.0
486,31,2,7,40,41.8
487,21,3,4,28,29.4
488,23,4,3,30,31.4
489,31,2,5,38,39.4
490,26,3,5,34,35.6
491,22,2,1,25,25.6
492,26,4,5,35,36.8
493,23,2,5,30,31.4
494,30,3,1,34,34.8
495,25,3,5,33,34.6
496,22,3,4,29,30.4
497,27,2,4,33,34.2
498,26,2,2,30,30.8
499,24,2,2,28,28.8
500,21,2,2,25,25.8
501,29,4,3,36,37.4
502,26,2,5,33,34.4
503,40,3,7,50,52.0
504,24,3,3,30,31.2
505,38,2,6,46,47.6
506,26,3,3,32,33.2
507,24,1,3,28,28.8
508,34,2,4,40,41.2
509,25,2,2,29,29.8
510,23,3,4,30,31.4
511,24,3,6,33,34.8
512,22,2,3,27,28.0
513,23,2,4,29,30.2
514,18,4,7,29,31.2
515,24,1,3,28,28.8
516,33,1,2,36,36.6
517,25,2,5,32,33.4
518,26,1,3,30,30.8
519,26,1,4,31,32.0
520,25,2,5,32,33.4
521,23,1,1,25,25.4
522,33,3,3,39,40.2
523,25,2,3,30,31.0
524,27,0,1,28,28.2
525,26,1,4,31,32.0
526,24,2,4,30,31.2
527,24,1,5,30,31.2
528,21,3,7,31,33.0
529,24,2,4,30,31.2
530,24,1,3,28,28.8
531,20,3,4,27,28.4
532,19,2,5,26,27.4
533,25,1,3,29,29.8
534,19,2,5,26,27.4
535,23,0,4,27,27.8
536,21,3,2,26,27.0
537,27,2,3,32,33.0
538,23,2,4,29,30.2
539,23,1,4,28,29.0
540,26,0,4,30,30.8
541,22,0,4,26,26.8
542,26,2,3,31,32.0
543,30,2,4,36,37.2
544,25,4,5,34,35.8
545,26,0,2,28,28.4
546,25,3,3,31,32.2
547,23,1,4,28,29.0
548,24,1,1,26,26.4
549,23,1,4,28,29.0
550,21,1,3,25,25.8
551,24,1,3,28,28.8
552,26,1,1,28,28.4
553,22,1,4,27,28.0
554,17,2,4,23,24.2
555,29,1,3,33,33.8
556,23,2,3,28,29.0
557,19,3,4,26,27.4
558,26,2,6,34,35.6
559,21,1,4,26,27.0
560,24,2,3,29,30.0
561,24,3,4,31,32.4
562,27,2,3,32,33.0
563,25,1,3,29,29.8
564,20,1,4,25,26.0
565,26,2,4,32,33.2
566,23,2,2,27,27.8
567,21,2,4,27,28.2
568,29,0,2,31,31.4
569,20,1,2,23,23.6
570,27,1,4,32,33.0
571,23,2,4,29,30.2
572,21,3,3,27,28.2
573,25,3,4,32,33.4
574,27,3,5,35,36.6
575,27,3,5,35,36.6
576,28,2,2,32,32.8
577,22,3,6,31,32.8
578,29,1,4,34,35.0
579,23,1,7,31,32.6
580,28,2,3,33,34.0
581,25,1,3,29,29.8
582,22,4,3,29,30.4
583,34,4,5,43,44.8
584,24,2,3,29,30.0
585,22,1,5,28,29.2
586,28,1,3,32,32.8
587,23,2,3,28,29.0
588,22,2,6,30,31.6
589,22,1,2,25,25.6
590,20,4,3,27,28.4
591,21,2,5,28,29.4
592,19,1,5,25,26.2
593,30,2,3,35,36.0
594,25,2,3,30,31.0
595,26,2,1,29,29.6
596,20,2,3,25,26.0
597,23,0,6,29,30.2
598,25,1,4,30,31.0
599,21,1,5,27,28.2
600,22,2,4,28,29.2
601,26,2,7,35,36.8
602,27,0,6,33,34.2
603,20,3,5,28,29.6
604,25,1,5,31,32.2
605,24,2,2,28,28.8
606,27,2,4,33,34.2
607,24,3,3,30,31.2
608,22,2,4,28,29.2
609,25,2,5,32,33.4
610,23,1,2,26,26.6
611,16,2,3,21,22.0
612,23,1,4,28,29.0
613,27,3,2,32,33.0
614,19,3,3,25,26.2
615,24,2,3,29,30.0
616,23,2,3,28,29.0
617,25,1,2,28,28.6
618,25,1,3,29,29.8
619,23,1,4,28,29.0
620,15,1,4,20,21.0
621,23,1,4,28,29.0
622,23,3,4,30,31.4
623,23,1,4,28,29.0
624,25,2,5,32,33.4
625,28,2,4,34,35.2
626,24,2,2,28,28.8
627,27,2,3,32,33.0
628,27,1,3,31,31.8
629,19,2,2,23,23.8
630,24,2,3,29,30.0
631,24,1,4,29,30.0
632,24,2,3,29,30.0
633,23,2,3,28,29.0
634,27,3,3,33,34.2
635,20,1,3,24,24.8
636,20,1,3,24,24.8
637,22,3,5,30,31.6
638,19,2,4,25,26.2
639,22,1,4,27,28.0
640,25,2,2,29,29.8
641,22,1,3,26,26.8
642,24,4,1,29,30.0
643,27,2,3,32,33.0
644,19,3,3,25,26.2
645,24,2,3,29,30.0
646,20,3,1,24,24.8
647,19,2,5,26,27.4
648,24,1,5,30,31.2
649,23,1,3,27,27.8
650,22,3,1,26,26.8
651,25,1,5,31,32.2
652,21,1,6,28,29.4
653,22,2,3,27,28.0
654,26,1,3,30,30.8
655,21,2,4,27,28.2
656,21,2,3,26,27.0
657,26,2,1,29,29.6
658,23,2,3,28,29.0
659,23,2,1,26,26.6
660,25,3,5,33,34.6
661,28,1,4,33,34.0
662,28,2,5,35,36.4
663,26,2,4,32,33.2
664,23,2,5,30,31.4
665,21,0,3,24,24.6
666,25,1,5,31,32.2
667,26,2,6,34,35.6
668,21,1,4,26,27.0
669,21,2,4,27,28.2
670,16,2,3,21,22.0
671,20,1,2,23,23.6
672,22,1,4,27,28.0
673,17,2,2,21,21.8
674,22,2,4,28,29.2
675,24,1,3,28,28.8
676,26,2,2,30,30.8
677,24,1,3,28,28.8
678,20,1,5,26,27.2
679,20,4,4,28,29.6
680,23,3,0,26,26.6
681,23,2,2,27,27.8
682,22,2,3,27,28.0
683,19,2,2,23,23.8
684,28,0,3,31,31.6
685,35,4,5,44,45.8
686,25,0,3,28,28.6
687,25,0,3,28,28.6
688,19,4,4,27,28.6
689,22,3,4,29,30.4
690,23,2,4,29,30.2
691,24,2,2,28,28.8
692,17,3,2,22,23.0
693,20,3,5,28,29.6
694,22,2,5,29,30.4
695,24,2,2,28,28.8
696,23,1,4,28,29.0
697,26,2,2,30,30.8
698,25,1,3,29,29.8
699,25,1,6,32,33.4
700,24,1,2,27,27.6
701,26,2,3,31,32.0
702,25,3,5,33,34.6
703,24,3,6,33,34.8
704,27,2,3,32,33.0
705,23,1,1,25,25.4
706,28,1,2,31,31.6
707,21,0,4,25,25.8
708,21,2,3,26,27.0
709,38,3,6,47,48.8
710,23,1,2,26,26.6
711,24,2,2,28,28.8
712,23,0,4,27,27.8
713,24,2,3,29,30.0
714,25,3,4,32,33.4
715,26,1,5,32,33.2
716,19,2,4,25,26.2
717,28,2,4,34,35.2
718,28,2,2,32,32.8
719,28,5,5,38,40.0
720,24,1,5,30,31.2
721,22,1,1,24,24.4
722,25,2,1,28,28.6
723,26,1,4,31,32.0
724,25,1,4,30,31.0
725,23,2,4,29,30.2
726,21,2,3,26,27.0
727,26,2,4,32,33.2
728,23,2,3,28,29.0
729,26,3,3,32,33.2
730,24,1,4,29,30.0
731,21,2,0,23,23.4
732,22,2,7,31,32.8
733,23,1,4,28,29.0
734,17,1,2,20,20.6
735,28,2,3,33,34.0
736,22,3,3,28,29.2
737,28,4,3,35,36.4
738,25,3,4,32,33.4
739,27,1,4,32,33.0
740,16,3,1,20,20.8
741,19,3,4,26,27.4
742,26,1,5,32,33.2
743,18,1,5,24,25.2
744,19,3,2,24,25.0
745,24,1,3,28,28.8
746,16,2,5,23,24.4
747,30,2,1,33,33.6
748,20,2,6,28,29.6
749,23,1,3,27,27.8
750,23,2,5,30,31.4
751,23,2,6,31,32.6
752,20,2,3,25,26.0
753,24,2,3,29,30.0
754,22,2,5,29,30.4
755,23,2,2,27,27.8
756,41,4,6,51,53.0
757,20,3,5,28,29.6
758,21,1,1,23,23.4
759,22,1,4,27,28.0
760,23,0,3,26,26.6
761,18,2,2,22,22.8
762,21,1,5,27,28.2
763,18,3,3,24,25.2
764,19,1,5,25,26.2
765,21,3,4,28,29.4
766,27,1,4,32,33.0
767,14,3,4,21,22.4
768,26,3,4,33,34.4
769,24,1,3,28,28.8
770,22,2,2,26,26.8
771,24,1,6,31,32.4
772,16,3,6,25,26.8
773,19,1,3,23,23.8
774,25,2,2,29,29.8
775,23,3,3,29,30.2
776,21,2,3,26,27.0
777,22,3,4,29,30.4
778,22,2,4,28,29.2
779,20,2,2,24,24.8
780,25,2,2,29,29.8
781,22,1,3,26,26.8
782,18,3,4,25,26.4
783,28,2,3,33,34.0
784,25,2,4,31,32.2
785,23,3,2,28,29.0
786,26,3,3,32,33.2
787,23,2,3,28,29.0
788,23,3,6,32,33.8
789,24,1,3,28,28.8
790,21,1,4,26,27.0
791,19,1,3,23,23.8
792,25,3,3,31,32.2
793,18,2,2,22,22.8
794,29,2,1,32,32.6
795,23,1,5,29,30.2
796,24,3,3,30,31.2
797,24,1,2,27,27.6
798,23,2,4,29,30.2
799,28,3,2,33,34.0
800,25,2,3,30,31.0
801,25,3,4,32,33.4
802,28,1,1,30,30.4
803,23,1,4,28,29.0
804,28,1,4,33,34.0
805,23,1,2,26,26.6
806,18,2,3,23,24.0
807,24,3,4,31,32.4
808,28,2,3,33,34.0
809,22,2,3,27,28.0
810,26,1,3,30,30.8
811,25,1,3,29,29.8
812,19,0,2,21,21.4
813,25,2,1,28,28.6
814,28,1,2,31,31.6
815,25,0,4,29,29.8
816,26,2,2,30,30.8
817,22,2,1,25,25.6
818,25,3,3,31,32.2
819,26,1,2,29,29.6
820,24,2,1,27,27.6
821,21,1,4,26,27.0
822,23,2,2,27,27.8
823,19,3,3,25,26.2
824,22,3,2,27,28.0
825,25,1,5,31,32.2
826,24,1,3,28,28.8
827,23,3,2,28,29.0
828,20,3,3,26,27.2
829,22,2,3,27,28.0
830,21,2,3,26,27.0
831,26,1,5,32,33.2
832,23,1,5,29,30.2
833,20,1,2,23,23.6
834,24,3,4,31,32.4
835,28,3,5,36,37.6
836,25,2,2,29,29.8
837,25,2,3,30,31.0
838,22,2,5,29,30.4
839,26,2,1,29,29.6
840,28,1,2,31,31.6
841,22,0,5,27,28.0
842,26,1,2,29,29.6
843,21,3,2,26,27.0
844,23,1,4,28,29.0
845,17,2,3,22,23.0
846,28,3,2,33,34.0
847,26,1,3,30,30.8
848,24,4,1,29,30.0
849,23,2,4,29,30.2
850,23,1,5,29,30.2
851,26,0,2,28,28.4
852,25,3,4,32,33.4
853,19,0,3,22,22.6
854,17,2,3,22,23.0
855,28,2,3,33,34.0
856,20,2,6,28,29.6
857,26,1,2,29,29.6
858,24,2,6,32,33.6
859,27,2,3,32,33.0
860,30,3,4,37,38.4
861,27,1,2,30,30.6
862,23,1,4,28,29.0
863,21,2,2,25,25.8
864,23,2,4,29,30.2
865,21,1,4,26,27.0
866,22,2,4,28,29.2
867,22,2,2,26,26.8
868,19,3,3,25,26.2
869,23,1,5,29,30.2
870,24,1,4,29,30.0
871,25,0,4,29,29.8
872,18,1,4,23,24.0
873,24,2,3,29,30.0
874,21,1,5,27,28.2
875,23,3,3,29,30.2
876,25,2,5,32,33.4
877,23,2,2,27,27.8
878,24,0,2,26,26.4
879,25,3,4,32,33.4
880,18,2,2,22,22.8
881,21,1,2,24,24.6
882,28,1,5,34,35.2
883,27,2,4,33,34.2
884,23,3,3,29,30.2
885,26,3,5,34,35.6
886,24,1,5,30,31.2
887,23,1,3,27,27.8
888,30,1,3,34,34.8
889,20,2,3,25,26.0
890,14,2,6,22,23.6
891,23,0,4,27,27.8
892,20,2,6,28,29.6
893,23,2,3,28,29.0
894,29,2,9,40,42.2
895,23,3,3,29,30.2
896,20,3,4,27,28.4
897,31,2,2,35,35.8
898,21,1,2,24,24.6
899,21,1,5,27,28.2
900,37,1,2,40,40.6
901,25,2,3,30,31.0
902,22,1,2,25,25.6
903,26,2,3,31,32.0
904,26,0,5,31,32.0
905,22,4,4,30,31.6
906,24,3,6,33,34.8
907,22,2,2,26,26.8
908,22,0,3,25,25.6
909,28,2,4,34,35.2
910,25,1,4,30,31.0
911,24,1,3,28,28.8
912,22,2,3,27,28.0
913,23,1,3,27,27.8
914,21,3,6,30,31.8
915,25,2,1,28,28.6
916,18,2,4,24,25.2
917,26,1,3,30,30.8
918,23,3,3,29,30.2
919,20,2,5,27,28.4
920,24,2,1,27,27.6
921,29,3,3,35,36.2
922,23,1,2,26,26.6
923,24,2,2,28,28.8
924,23,2,2,27,27.8
925,34,4,7,45,47.2
926,17,1,3,21,21.8
927,24,1,2,27,27.6
928,24,3,3,30,31.2
929,21,1,3,25,25.8
930,22,2,5,29,30.4
931,23,2,3,28,29.0
932,21,3,4,28,29.4
933,27,1,3,31,31.8
934,27,1,6,34,35.4
935,27,2,4,33,34.2
936,28,1,3,32,32.8
937,23,2,3,28,29.0
938,26,3,4,33,34.4
939,22,3,6,31,32.8
940,23,2,3,28,29.0
941,21,2,2,25,25.8
942,23,0,3,26,26.6
943,24,2,4,30,31.2
944,29,1,2,32,32.6
945,26,1,3,30,30.8
946,24,1,5,30,31.2
947,24,1,3,28,28.8
948,24,3,5,32,33.6
949,21,1,5,27,28.2
950,22,1,6,29,30.4
951,23,3,2,28,29.0
952,41,5,7,53,55.4
953,25,1,3,29,29.8
954,21,3,1,25,25.8
955,21,2,3,26,27.0
956,25,1,1,27,27.4
957,27,2,3,32,33.0
958,24,2,3,29,30.0
959,19,2,4,25,26.2
960,25,3,5,33,34.6
961,22,3,7,32,34.0
962,25,2,3,30,31.0
963,21,4,3,28,29.4
964,23,4,3,30,31.4
965,22,1,3,26,26.8
966,20,3,3,26,27.2
967,27,2,3,32,33.0
968,20,1,3,24,24.8
969,27,2,1,30,30.6
970,24,2,6,32,33.6
971,18,2,3,23,24.0
972,28,0,3,31,31.6
973,24,3,5,32,33.6
974,17,1,3,21,21.8
975,27,3,3,33,34.2
976,22,3,4,29,30.4
977,26,2,4,32,33.2
978,24,2,3,29,30.0
979,26,3,4,33,34.4
980,25,2,2,29,29.8
981,24,1,3,28,28.8
982,26,2,1,29,29.6
983,21,3,3,27,28.2
984,26,1,5,32,33.2
985,26,1,2,29,29.6
986,18,2,2,22,22.8
987,22,2,5,29,30.4
988,18,2,2,22,22.8
989,23,2,2,27,27.8
990,23,2,5,30,31.4
991,21,2,5,28,29.4
992,27,2,3,32,33.0
993,24,1,5,30,31.2
994,25,2,4,31,32.2
995,18,3,4,25,26.4
996,25,2,6,33,34.6
997,29,2,5,36,37.4
998,24,2,4,30,31.2
999,26,3,4,33,34.4
1000,15,1,6,22,23.4
1001,27,2,2,31,31.8
1002,25,3,6,34,35.8
1003,22,2,4,28,29.2
1004,22,2,3,27,28.0
1005,22,3,4,29,30.4
1006,36,2,6,44,45.6
1007,21,1,3,25,25.8
1008,22,3,5,30,31.6
1009,25,3,3,31,32.2
1010,25,0,4,29,29.8
1011,27,2,3,32,33.0
1012,20,3,5,28,29.6
1013,20,1,5,26,27.2
1014,24,3,3,30,31.2
1015,36,4,8,48,50.4
1016,24,2,5,31,32.4
1017,23,0,4,27,27.8
1018,25,3,3,31,32.2
1019,17,2,1,20,20.6
1020,24,4,5,33,34.8
1021,19,3,4,26,27.4
1022,21,3,1,25,25.8
1023,28,0,6,34,35.2
1024,21,1,4,26,27.0
1025,27,1,2,30,30.6
1026,22,2,4,28,29.2
1027,25,1,4,30,31.0
1028,25,1,1,27,27.4
1029,23,2,4,29,30.2
1030,23,1,4,28,29.0
1031,25,3,5,33,34.6
1032,22,2,4,28,29.2
1033,19,3,5,27,28.6
1034,21,1,2,24,24.6
1035,28,2,3,33,34.0
1036,23,3,5,31,32.6
1037,23,1,3,27,27.8
1038,29,1,2,32,32.6
1039,26,1,5,32,33.2
1040,22,2,2,26,26.8
1041,22,2,6,30,31.6
1042,26,2,2,30,30.8
1043,24,2,2,28,28.8
1044,27,2,3,32,33.0
1045,22,4,6,32,34.0
1046,22,1,2,25,25.6
1047,28,1,3,32,32.8
1048,21,3,4,28,29.4
1049,19,3,4,26,27.4
1050,23,2,4,29,30.2
1051,23,2,5,30,31.4
1052,23,2,3,28,29.0
1053,23,0,4,27,27.8
1054,20,2,4,26,27.2
1055,23,1,3,27,27.8
1056,23,2,5,30,31.4
1057,40,4,5,49,50.8
1058,23,1,5,29,30.2
1059,21,2,2,25,25.8
1060,29,3,3,35,36.2
1061,23,2,4,29,30.2
1062,29,0,5,34,35.0
1063,20,1,5,26,27.2
1064,24,2,2,28,28.8
1065,27,1,2,30,30.6
1066,25,3,1,29,29.8
1067,19,2,4,25,26.2
1068,27,1,4,32,33.0
1069,24,2,4,30,31.2
1070,24,0,4,28,28.8
1071,24,1,4,29,30.0
1072,28,2,1,31,31.6
1073,23,3,2,28,29.0
1074,24,2,4,30,31.2
1075,24,2,4,30,31.2
1076,22,1,4,27,28.0
1077,25,0,4,29,29.8
1078,25,2,3,30,31.0
1079,21,2,2,25,25.8
1080,24,2,3,29,30.0
1081,28,0,2,30,30.4
1082,19,1,4,24,25.0
1083,24,2,4,30,31.2
1084,21,2,3,26,27.0
1085,24,4,3,31,32.4
1086,24,1,3,28,28.8
1087,23,2,4,29,30.2
1088,20,1,2,23,23.6
1089,24,2,3,29,30.0
1090,25,2,4,31,32.2
1091,18,2,3,23,24.0
1092,25,2,3,30,31.0
1093,23,3,3,29,30.2
1094,29,5,6,40,42.2
1095,34,2,4,40,41.2
1096,21,4,3,28,29.4
1097,24,2,3,29,30.0
1098,24,2,4,30,31.2
1099,23,3,1,27,27.8
1100,26,3,2,31,32.0
1101,25,1,3,29,29.8
1102,21,4,5,30,31.8
1103,25,3,1,29,29.8
1104,24,1,5,30,31.2
1105,23,3,1,27,27.8
1106,23,1,3,27,27.8
1107,41,3,4,48,49.4
1108,24,4,3,31,32.4
1109,23,0,4,27,27.8
1110,22,2,4,28,29.2
1111,29,1,3,33,33.8
1112,19,2,5,26,27.4
1113,37,0,3,40,40.6
1114,20,2,2,24,24.8
1115,21,1,3,25,25.8
1116,26,2,3,31,32.0
1117,24,1,3,28,28.8
1118,20,1,4,25,26.0
1119,21,1,4,26,27.0
1120,24,2,4,30,31.2
1121,19,1,3,23,23.8
1122,34,3,3,40,41.2
1123,25,2,4,31,32.2
1124,25,2,6,33,34.6
1125,26,0,3,29,29.6
1126,24,2,4,30,31.2
1127,21,2,3,26,27.0
1128,26,3,5,34,35.6
1129,24,2,5,31,32.4
1130,27,2,4,33,34.2
1131,24,2,5,31,32.4
1132,24,1,4,29,30.0
1133,21,2,5,28,29.4
1134,25,2,3,30,31.0
1135,28,1,3,32,32.8
1136,24,2,3,29,30.0
1137,29,2,3,34,35.0
1138,26,2,5,33,34.4
1139,17,1,2,20,20.6
1140,23,2,4,29,30.2
1141,26,1,2,29,29.6
1142,25,0,2,27,27.4
1143,23,2,3,28,29.0
1144,24,0,2,26,26.4
1145,24,1,2,27,27.6
1146,38,3,8,49,51.2
1147,26,2,3,31,32.0
1148,19,3,2,24,25.0
1149,32,2,6,40,41.6
1150,25,2,4,31,32.2
1151,17,2,3,22,23.0
1152,28,1,3,32,32.8
1153,27,2,0,29,29.4
1154,26,1,4,31,32.0
1155,24,2,4,30,31.2
1156,21,2,3,26,27.0
1157,24,1,3,28,28.8
1158,26,3,4,33,34.4
1159,27,1,2,30,30.6
1160,24,2,3,29,30.0
1161,24,1,3,28,28.8
1162,23,2,5,30,31.4
1163,24,2,4,30,31.2
1164,25,2,5,32,33.4
1165,20,2,6,28,29.6
1166,24,2,3,29,30.0
1167,20,1,5,26,27.2
1168,25,2,3,30,31.0
1169,25,3,1,29,29.8
1170,28,3,4,35,36.4
1171,20,2,3,25,26.0
1172,27,2,2,31,31.8
1173,28,2,4,34,35.2
1174,25,2,5,32,33.4
1175,22,2,2,26,26.8
1176,31,2,2,35,35.8
1177,25,2,5,32,33.4
1178,23,2,3,28,29.0
1179,25,3,2,30,31.0
1180,29,3,3,35,36.2
1181,23,1,4,28,29.0
1182,24,2,4,30,31.2
1183,23,1,2,26,26.6
1184,25,2,2,29,29.8
1185,28,2,3,33,34.0
1186,22,2,5,29,30.4
1187,23,3,1,27,27.8
1188,26,2,4,32,33.2
1189,27,1,2,30,30.6
1190,25,3,1,29,29.8
1191,18,3,4,25,26.4
1192,22,2,6,30,31.6
1193,19,2,3,24,25.0
1194,25,2,3,30,31.0
1195,21,3,5,29,30.6
1196,22,2,2,26,26.8
1197,28,1,4,33,34.0
1198,24,3,2,29,30.0
1199,19,1,4,24,25.0
1200,25,2,4,31,32.2
1201,27,1,2,30,30.6
1202,38,5,4,47,48.8
1203,26,3,4,33,34.4
1204,23,3,6,32,33.8
1205,24,1,3,28,28.8
1206,27,1,3,31,31.8
1207,27,3,2,32,33.0
1208,23,2,3,28,29.0
1209,30,1,3,34,34.8
1210,27,2,2,31,31.8
1211,29,2,3,34,35.0
1212,23,1,2,26,26.6
1213,27,0,5,32,33.0
1214,25,0,4,29,29.8
1215,21,2,4,27,28.2
1216,27,2,6,35,36.6
1217,17,1,4,22,23.0
1218,25,2,3,30,31.0
1219,23,2,3,28,29.0
1220,20,2,4,26,27.2
1221,32,2,3,37,38.0
1222,22,2,3,27,28.0
1223,27,3,4,34,35.4
1224,25,2,3,30,31.0
1225,22,3,2,27,28.0
1226,24,1,4,29,30.0
1227,25,2,2,29,29.8
1228,25,2,2,29,29.8
1229,20,1,4,25,26.0
1230,19,2,3,24,25.0
1231,25,1,2,28,28.6
1232,24,3,4,31,32.4
1233,23,2,2,27,27.8
1234,22,1,5,28,29.2
1235,31,3,4,38,39.4
1236,25,4,4,33,34.6
1237,24,2,2,28,28.8
1238,19,1,5,25,26.2
1239,35,3,6,44,45.8
1240,28,1,3,32,32.8
1241,22,2,5,29,30.4
1242,25,2,4,31,32.2
1243,26,1,3,30,30.8
1244,30,2,2,34,34.8
1245,26,2,3,31,32.0
1246,25,2,5,32,33.4
1247,19,1,6,26,27.4
1248,24,1,6,31,32.4
1249,23,2,6,31,32.6
1250,28,1,5,34,35.2
1251,25,2,3,30,31.0
1252,21,2,3,26,27.0
1253,22,4,5,31,32.8
1254,28,3,5,36,37.6
1255,24,0,1,25,25.2
1256,25,2,2,29,29.8
1257,23,1,4,28,29.0
1258,20,2,3,25,26.0
1259,24,1,2,27,27.6
1260,25,2,4,31,32.2
1261,23,3,3,29,30.2
1262,23,0,1,24,24.2
1263,23,4,7,34,36.2
1264,23,2,3,28,29.0
1265,24,0,5,29,30.0
1266,24,2,2,28,28.8
1267,32,2,5,39,40.4
1268,23,1,4,28,29.0
1269,28,1,2,31,31.6
1270,20,2,3,25,26.0
1271,23,2,3,28,29.0
1272,29,2,5,36,37.4
1273,25,1,2,28,28.6
1274,22,1,2,25,25.6
1275,26,3,4,33,34.4
1276,24,2,1,27,27.6
1277,19,2,3,24,25.0
1278,35,3,6,44,45.8
1279,21,2,6,29,30.6
1280,21,0,4,25,25.8
1281,22,2,3,27,28.0
1282,21,2,3,26,27.0
1283,27,1,2,30,30.6
1284,22,4,6,32,34.0
1285,20,2,4,26,27.2
1286,20,1,3,24,24.8
1287,28,3,3,34,35.2
1288,23,2,5,30,31.4
1289,19,1,5,25,26.2
1290,26,3,4,33,34.4
1291,29,3,2,34,35.0
1292,17,3,4,24,25.4
1293,26,3,2,31,32.0
1294,24,3,3,30,31.2
1295,23,2,2,27,27.8
1296,25,1,5,31,32.2
1297,23,2,4,29,30.2
1298,19,3,2,24,25.0
1299,27,2,4,33,34.2
1300,27,2,0,29,29.4
1301,20,3,4,27,28.4
1302,27,3,5,35,36.6
1303,22,4,3,29,30.4
1304,21,0,4,25,25.8
1305,24,2,6,32,33.6
1306,24,1,5,30,31.2
1307,18,3,3,24,25.2
1308,26,2,1,29,29.6
1309,22,2,2,26,26.8
1310,18,2,4,24,25.2
1311,23,1,6,30,31.4
1312,20,2,4,26,27.2
1313,20,1,3,24,24.8
1314,29,3,5,37,38.6
1315,24,3,4,31,32.4
1316,25,1,2,28,28.6
1317,19,2,4,25,26.2
1318,27,1,4,32,33.0
1319,24,1,5,30,31.2
1320,22,2,3,27,28.0
1321,23,2,4,29,30.2
1322,24,2,4,30,31.2
1323,23,1,5,29,30.2
1324,22,1,3,26,26.8
1325,27,1,2,30,30.6
1326,25,1,5,31,32.2
1327,23,1,4,28,29.0
1328,26,2,4,32,33.2
1329,21,2,4,27,28.2
1330,23,1,3,27,27.8
1331,20,1,4,25,26.0
1332,23,0,4,27,27.8
1333,18,3,4,25,26.4
1334,21,2,3,26,27.0
1335,23,3,3,29,30.2
1336,26,3,2,31,32.0
1337,19,0,3,22,22.6
1338,18,1,4,23,24.0
1339,21,2,2,25,25.8
1340,20,1,3,24,24.8
1341,20,1,3,24,24.8
1342,20,3,3,26,27.2
1343,22,2,4,28,29.2
1344,24,3,0,27,27.6
1345,21,1,4,26,27.0
1346,19,2,4,25,26.2
1347,27,4,2,33,34.2
1348,24,1,4,29,30.0
1349,22,3,3,28,29.2
1350,23,3,5,31,32.6
1351,25,3,4,32,33.4
1352,24,1,3,28,28.8
1353,29,1,3,33,33.8
1354,25,2,3,30,31.0
1355,27,0,2,29,29.4
1356,26,3,3,32,33.2
1357,26,2,4,32,33.2
1358,22,2,6,30,31.6
1359,23,2,4,29,30.2
1360,26,2,3,31,32.0
1361,23,2,4,29,30.2
1362,27,0,4,31,31.8
1363,24,3,2,29,30.0
1364,26,2,3,31,32.0
1365,27,2,3,32,33.0
1366,24,1,4,29,30.0
1367,22,2,4,28,29.2
1368,23,1,2,26,26.6
1369,29,2,3,34,35.0
1370,26,2,3,31,32.0
1371,23,2,5,30,31.4
1372,25,3,4,32,33.4
1373,26,3,2,31,32.0
1374,26,2,6,34,35.6
1375,25,3,4,32,33.4
1376,21,2,5,28,29.4
1377,25,2,3,30,31.0
1378,25,2,2,29,29.8
1379,20,1,6,27,28.4
1380,22,2,3,27,28.0
1381,24,3,3,30,31.2
1382,22,2,3,27,28.0
1383,21,2,5,28,29.4
1384,28,2,5,35,36.4
1385,21,1,3,25,25.8
1386,23,2,4,29,30.2
1387,28,2,2,32,32.8
1388,23,2,1,26,26.6
1389,23,2,5,30,31.4
1390,23,3,3,29,30.2
1391,20,2,6,28,29.6
1392,26,2,3,31,32.0
1393,26,2,4,32,33.2
1394,23,1,5,29,30.2
1395,29,0,3,32,32.6
1396,25,2,5,32,33.4
1397,24,2,3,29,30.0
1398,22,2,2,26,26.8
1399,23,2,3,28,29.0
1400,21,1,3,25,25.8
1401,25,1,4,30,31.0
1402,25,2,3,30,31.0
1403,27,1,2,30,30.6
1404,24,0,5,29,30.0
1405,27,2,4,33,34.2
1406,22,2,4,28,29.2
1407,27,1,4,32,33.0
1408,22,3,4,29,30.4
1409,23,2,0,25,25.4
1410,23,2,3,28,29.0
1411,25,3,4,32,33.4
1412,23,2,2,27,27.8
1413,26,3,2,31,32.0
1414,22,2,2,26,26.8
1415,22,0,3,25,25.6
1416,21,2,3,26,27.0
1417,28,2,2,32,32.8
1418,20,3,3,26,27.2
1419,36,3,5,44,45.6
1420,21,2,5,28,29.4
1421,26,3,4,33,34.4
1422,32,3,7,42,44.0
1423,25,2,3,30,31.0
1424,21,3,2,26,27.0
1425,25,1,4,30,31.0
1426,29,2,2,33,33.8
1427,23,2,3,28,29.0
1428,18,2,5,25,26.4
1429,26,2,5,33,34.4
1430,26,4,3,33,34.4
1431,28,3,4,35,36.4
1432,27,2,2,31,31.8
1433,24,1,3,28,28.8
1434,25,1,4,30,31.0
1435,27,2,4,33,34.2
1436,20,1,2,23,23.6
1437,27,2,2,31,31.8
1438,23,2,5,30,31.4
1439,18,2,3,23,24.0
1440,26,1,5,32,33.2
1441,26,2,5,33,34.4
1442,27,2,3,32,33.0
1443,20,3,3,26,27.2
1444,23,2,3,28,29.0
1445,20,2,4,26,27.2
1446,26,3,4,33,34.4
1447,23,2,4,29,30.2
1448,24,2,3,29,30.0
1449,22,3,4,29,30.4
1450,26,1,5,32,33.2
1451,22,1,2,25,25.6
1452,23,0,3,26,26.6
1453,22,1,5,28,29.2
1454,22,2,4,28,29.2
1455,24,1,3,28,28.8
1456,30,2,3,35,36.0
1457,19,4,3,26,27.4
1458,25,2,3,30,31.0
1459,19,3,6,28,29.8
1460,24,2,3,29,30.0
1461,20,1,5,26,27.2
1462,24,2,1,27,27.6
1463,21,1,2,24,24.6
1464,24,3,5,32,33.6
1465,24,2,4,30,31.2
1466,30,2,2,34,34.8
1467,24,2,5,31,32.4
1468,25,2,1,28,28.6
1469,28,2,3,33,34.0
1470,27,3,4,34,35.4
1471,23,1,4,28,29.0
1472,21,2,4,27,28.2
1473,25,3,6,34,35.8
1474,27,2,3,32,33.0
1475,21,1,5,27,28.2
1476,26,2,5,33,34.4
1477,23,2,5,30,31.4
1478,21,2,4,27,28.2
1479,28,0,6,34,35.2
1480,25,0,2,27,27.4
1481,22,2,4,28,29.2
1482,25,2,2,29,29.8
1483,25,3,3,31,32.2
1484,31,1,2,34,34.6
1485,30,2,5,37,38.4
1486,26,1,2,29,29.6
1487,29,1,2,32,32.6
1488,31,1,3,35,35.8
1489,26,2,6,34,35.6
1490,24,0,4,28,28.8
1491,29,3,5,37,38.6
1492,26,2,5,33,34.4
1493,20,4,4,28,29.6
1494,25,1,4,30,31.0
1495,24,2,3,29,30.0
1496,22,1,4,27,28.0
1497,27,2,3,32,33.0
1498,25,3,3,31,32.2
1499,21,2,1,24,24.6
1500,24,3,4,31,32.4
1501,26,3,1,30,30.8
1502,23,2,2,27,27.8
1503,27,3,6,36,37.8
1504,29,2,3,34,35.0
1505,31,2,5,38,39.4
1506,26,1,3,30,30.8
1507,25,3,7,35,37.0
1508,28,2,3,33,34.0
1509,24,3,5,32,33.6
1510,21,3,4,28,29.4
1511,18,2,5,25,26.4
1512,21,3,5,29,30.6
1513,21,2,3,26,27.0
1514,25,3,3,31,32.2
1515,29,2,5,36,37.4
1516,32,0,3,35,35.6
1517,28,2,4,34,35.2
1518,21,3,5,29,30.6
1519,27,2,2,31,31.8
1520,26,3,2,31,32.0
1521,26,2,6,34,35.6
1522,30,2,2,34,34.8
1523,27,1,2,30,30.6
1524,27,4,2,33,34.2
1525,33,2,4,39,40.2
1526,28,1,4,33,34.0
1527,41,5,7,53,55.4
1528,30,2,2,34,34.8
1529,23,3,3,29,30.2
1530,35,1,5,41,42.2
1531,22,3,5,30,31.6
1532,29,2,2,33,33.8
1533,23,2,5,30,31.4
1534,36,4,6,46,48.0
1535,25,4,3,32,33.4
1536,24,1,4,29,30.0
1537,29,1,3,33,33.8
1538,23,3,5,31,32.6
1539,28,4,3,35,36.4
1540,23,1,4,28,29.0
1541,27,2,3,32,33.0
1542,24,3,4,31,32.4
1543,30,2,3,35,36.0
1544,31,4,3,38,39.4
1545,27,2,6,35,36.6
1546,33,2,3,38,39.0
1547,21,3,6,30,31.8
1548,34,4,3,41,42.4
1549,28,3,5,36,37.6
1550,25,1,5,31,32.2
1551,30,2,4,36,37.2
1552,28,1,5,34,35.2
1553,22,2,4,28,29.2
1554,28,3,6,37,38.8
1555,31,2,4,37,38.2
1556,27,2,1,30,30.6
1557,32,4,2,38,39.2
1558,25,3,4,32,33.4
1559,21,3,3,27,28.2
1560,35,4,2,41,42.2
1561,27,2,6,35,36.6
1562,26,2,2,30,30.8
1563,22,2,3,27,28.0
1564,32,2,3,37,38.0
1565,28,3,2,33,34.0
1566,26,4,4,34,35.6
1567,28,1,7,36,37.6
1568,26,3,4,33,34.4
1569,30,2,2,34,34.8
1570,31,1,4,36,37.0
1571,29,2,3,34,35.0
1572,32,2,4,38,39.2
1573,34,2,4,40,41.2
1574,25,2,4,31,32.2
1575,40,2,6,48,49.6
1576,31,2,5,38,39.4
1577,25,2,5,32,33.4
1578,28,3,3,34,35.2
1579,29,3,5,37,38.6
1580,28,2,4,34,35.2
1581,25,3,5,33,34.6
1582,27,2,4,33,34.2
1583,29,3,4,36,37.4
1584,32,3,5,40,41.6
1585,29,1,5,35,36.2
1586,25,2,3,30,31.0
1587,29,2,4,35,36.2
1588,32,0,2,34,34.4
1589,27,4,3,34,35.4
1590,31,4,4,39,40.6
1591,30,3,4,37,38.4
1592,24,4,1,29,30.0
1593,29,3,5,37,38.6
1594,28,1,4,33,34.0
1595,28,3,3,34,35.2
1596,29,4,6,39,41.0
1597,35,1,3,39,39.8
1598,27,3,2,32,33.0
1599,29,2,7,38,39.8
1600,33,1,4,38,39.0
1601,30,3,2,35,36.0
1602,33,2,3,38,39.0
1603,33,1,6,40,41.4
1604,26,3,3,32,33.2
1605,32,3,2,37,38.0
1606,35,2,4,41,42.2
1607,32,1,4,37,38.0
1608,33,3,7,43,45.0
1609,34,3,6,43,44.8
1610,27,3,3,33,34.2
1611,33,1,6,40,41.4
1612,37,2,3,42,43.0
1613,29,4,4,37,38.6
1614,34,3,2,39,40.0
1615,31,4,3,38,39.4
1616,27,2,4,33,34.2
1617,29,3,6,38,39.8
1618,32,2,5,39,40.4
1619,25,4,3,32,33.4
1620,36,3,4,43,44.4
1621,38,3,4,45,46.4
1622,33,3,4,40,41.4
1623,29,4,6,39,41.0
1624,30,2,7,39,40.8
1625,28,2,3,33,34.0
1626,35,3,6,44,45.8
1627,39,3,4,46,47.4
1628,32,3,3,38,39.2
1629,35,1,6,42,43.4
1630,33,2,3,38,39.0
1631,31,1,7,39,40.6
1632,38,3,4,45,46.4
1633,32,5,3,40,41.6
1634,27,3,7,37,39.0
1635,34,4,5,43,44.8
1636,32,4,3,39,40.4
1637,26,4,3,33,34.4
1638,32,3,5,40,41.6
1639,35,3,5,43,44.6
1640,28,2,6,36,37.6
1641,34,1,3,38,38.8
1642,34,3,4,41,42.4
1643,29,3,5,37,38.6
1644,31,2,4,37,38.2
1645,38,2,7,47,48.8
1646,28,2,6,36,37.6
1647,33,4,5,42,43.8
1648,35,3,6,44,45.8
1649,27,4,7,38,40.2
1650,31,2,5,38,39.4
1651,40,2,4,46,47.2
1652,30,3,6,39,40.8
1653,34,3,5,42,43.6
1654,34,4,7,45,47.2
1655,28,1,7,36,37.6
1656,29,2,7,38,39.8
1657,42,3,3,48,49.2
1658,29,3,6,38,39.8
1659,35,2,5,42,43.4
1660,35,3,7,45,47.0
1661,31,2,6,39,40.6
1662,34,2,7,43,44.8
1663,36,3,5,44,45.6
1664,31,3,6,40,41.8
1665,35,4,4,43,44.6
1666,29,4,5,38,39.8
1667,34,3,4,41,42.4
1668,39,3,3,45,46.2
1669,37,3,6,46,47.8
1670,28,3,5,36,37.6
1671,38,2,3,43,44.0
1672,40,3,5,48,49.6
1673,32,1,5,38,39.2
1674,41,3,4,48,49.4
1675,33,4,7,44,46.2
1676,31,2,7,40,41.8
1677,38,2,4,44,45.2
1678,38,2,7,47,48.8
1679,33,3,6,42,43.8
1680,38,3,5,46,47.6
1681,38,5,7,50,52.4
1682,32,3,4,39,40.4
1683,37,2,5,44,45.4
1684,38,5,5,48,50.0
1685,35,2,2,39,39.8
1686,37,2,5,44,45.4
1687,43,2,4,49,50.2
1688,32,4,4,40,41.6
1689,34,3,6,43,44.8
1690,36,3,5,44,45.6
1691,36,1,6,43,44.4
1692,35,3,7,45,47.0
1693,41,2,5,48,49.4
1694,34,3,6,43,44.8
1695,37,4,6,47,49.0
1696,38,2,5,45,46.4
1697,35,2,3,40,41.0
1698,40,3,4,47,48.4
1699,34,3,7,44,46.0
1700,41,2,7,50,51.8
1701,39,3,4,46,47.4
1702,37,5,7,49,51.4
1703,42,4,3,49,50.4
1704,37,4,6,47,49.0
1705,34,3,3,40,41.2
1706,38,3,6,47,48.8
1707,37,5,5,47,49.0
1708,35,4,4,43,44.6
1709,35,4,5,44,45.8
1710,52,2,4,58,59.2
1711,35,2,7,44,45.8
1712,39,4,6,49,51.0
1713,41,4,4,49,50.6
1714,34,4,5,43,44.8
1715,38,2,4,44,45.2
1716,43,4,5,52,53.8
1717,42,3,9,54,56.4
1718,39,3,7,49,51.0
1719,44,4,6,54,56.0
1720,38,2,6,46,47.6
1721,38,2,3,43,44.0
1722,42,4,7,53,55.2
1723,34,4,6,44,46.0
1724,39,3,7,49,51.0
1725,46,3,6,55,56.8
1726,34,4,5,43,44.8
1727,43,3,6,52,53.8
1728,45,4,5,54,55.8
1729,38,4,7,49,51.2
1730,43,1,6,50,51.4
1731,43,4,8,55,57.4
1732,39,2,6,47,48.6
1733,39,4,9,52,54.6
1734,41,5,8,54,56.6
1735,34,3,7,44,46.0
1736,41,2,7,50,51.8
1737,46,2,4,52,53.2
1738,40,3,6,49,50.8
1739,36,3,7,46,48.0
1740,48,4,6,58,60.0
1741,37,4,6,47,49.0
1742,39,4,8,51,53.4
1743,41,1,7,49,50.6
1744,42,5,7,54,56.4
1745,39,2,9,50,52.2
1746,39,2,6,47,48.6
1747,43,4,6,53,55.0
1748,40,2,5,47,48.4
1749,39,4,5,48,49.8
1750,44,3,4,51,52.4
1751,35,5,8,48,50.6
1752,46,2,5,53,54.4
1753,43,3,7,53,55.0
1754,44,1,6,51,52.4
1755,37,4,6,47,49.0
1756,40,4,4,48,49.6
1757,37,4,3,44,45.4
1758,41,3,5,49,50.6
1759,40,1,8,49,50.8
1760,36,3,7,46,48.0
1761,40,4,4,48,49.6
1762,39,5,6,50,52.2
1763,38,3,5,46,47.6
1764,42,3,5,50,51.6
1765,43,3,5,51,52.6
1766,43,3,6,52,53.8
1767,49,3,6,58,59.8
1768,38,5,5,48,50.0
1769,41,3,4,48,49.4
1770,38,3,5,46,47.6
1771,42,5,8,55,57.6
1772,44,3,5,52,53.6
1773,35,4,9,48,50.6
1774,42,3,8,53,55.2
1775,38,3,8,49,51.2
1776,42,4,9,55,57.6
1777,41,4,6,51,53.0
1778,42,3,7,52,54.0
1779,38,3,8,49,51.2
1780,43,4,8,55,57.4
1781,47,2,5,54,55.4
1782,46,3,4,53,54.4
1783,45,4,4,53,54.6
1784,37,5,6,48,50.2
1785,48,2,6,56,57.6
1786,39,4,9,52,54.6
1787,45,4,8,57,59.4
1788,43,2,4,49,50.2
1789,45,4,6,55,57.0
1790,39,2,6,47,48.6
1791,45,3,7,55,57.0
1792,38,3,6,47,48.8
1793,42,4,8,54,56.4
1794,42,4,5,51,52.8
1795,46,4,7,57,59.2
1796,43,4,6,53,55.0
1797,49,3,5,57,58.6
1798,37,4,7,48,50.2
1799,42,4,7,53,55.2
1800,42,1,8,51,52.8
1801,46,3,5,54,55.6
1802,46,4,7,57,59.2
1803,42,3,6,51,52.8
1804,44,4,4,52,53.6
1805,42,3,3,48,49.2
1806,39,5,7,51,53.4
1807,42,5,6,53,55.2
1808,43,5,7,55,57.4
1809,49,3,5,57,58.6
1810,44,3,6,53,54.8
1811,42,4,5,51,52.8
1812,44,4,9,57,59.6
1813,41,4,8,53,55.4
1814,44,4,4,52,53.6
1815,41,3,8,52,54.2
1816,45,3,5,53,54.6
1817,49,2,5,56,57.4
1818,46,3,4,53,54.4
1819,38,5,7,50,52.4
1820,44,5,6,55,57.2
1821,40,2,9,51,53.2
1822,46,3,7,56,58.0
1823,41,3,5,49,50.6
1824,42,5,6,53,55.2
1825,41,5,6,52,54.2
1826,49,2,6,57,58.6
1827,46,3,8,57,59.2
1828,42,5,6,53,55.2
1829,46,3,6,55,56.8
1830,43,4,7,54,56.2
1831,48,4,5,57,58.8
1832,41,3,5,49,50.6
1833,42,4,6,52,54.0
1834,43,2,7,52,53.8
1835,41,5,8,54,56.6
1836,44,4,9,57,59.6
1837,43,4,5,52,53.8
1838,43,4,7,54,56.2
1839,46,3,7,56,58.0
1840,46,2,9,57,59.2
1841,45,4,7,56,58.2
1842,40,3,6,49,50.8
1843,41,4,6,51,53.0
1844,41,3,8,52,54.2
1845,38,4,5,47,48.8
1846,48,3,7,58,60.0
1847,35,5,9,49,51.8
1848,49,2,7,58,59.8
1849,46,4,6,56,58.0
1850,43,5,7,55,57.4
1851,40,2,8,50,52.0
1852,45,2,5,52,53.4
1853,44,5,6,55,57.2
1854,41,3,7,51,53.0
1855,49,2,6,57,58.6
1856,43,3,6,52,53.8
1857,48,2,4,54,55.2
1858,44,4,7,55,57.2
1859,44,3,6,53,54.8
1860,41,5,6,52,54.2
1861,45,2,9,56,58.2
1862,49,4,3,56,57.4
1863,42,3,6,51,52.8
1864,44,4,8,56,58.4
1865,44,3,7,54,56.0
1866,42,6,5,53,55.2
1867,47,3,6,56,57.8
1868,45,4,7,56,58.2
1869,45,2,6,53,54.6
1870,44,2,8,54,56.0
1871,47,3,6,56,57.8
1872,39,3,7,49,51.0
1873,40,4,9,53,55.6
1874,45,2,8,55,57.0
1875,41,4,5,50,51.8
1876,44,2,6,52,53.6
1877,44,6,6,56,58.4
1878,40,3,5,48,49.6
1879,37,4,7,48,50.2
1880,45,3,7,55,57.0
1881,42,4,7,53,55.2
1882,45,2,7,54,55.8
1883,42,4,6,52,54.0
1884,41,1,5,47,48.2
1885,42,3,4,49,50.4
1886,40,2,2,44,44.8
1887,49,1,5,55,56.2
1888,44,3,10,57,59.6
1889,32,5,7,44,46.4
1890,40,2,7,49,50.8
1891,47,3,6,56,57.8
1892,37,2,6,45,46.6
1893,42,3,5,50,51.6
1894,41,3,5,49,50.6
1895,39,2,8,49,51.0
1896,42,2,7,51,52.8
1897,42,4,7,53,55.2
1898,39,3,5,47,48.6
1899,46,4,4,54,55.6
1900,41,4,4,49,50.6
1901,41,3,5,49,50.6
1902,48,2,5,55,56.4
1903,42,4,4,50,51.6
1904,45,4,6,55,57.0
1905,39,3,7,49,51.0
1906,45,2,9,56,58.2
1907,40,4,6,50,52.0
1908,36,4,4,44,45.6
1909,41,1,7,49,50.6
1910,37,4,5,46,47.8
1911,36,4,8,48,50.4
1912,38,3,5,46,47.6
1913,42,3,5,50,51.6
1914,39,3,6,48,49.8
1915,39,4,6,49,51.0
1916,37,3,8,48,50.2
1917,36,4,4,44,45.6
1918,38,3,5,46,47.6
1919,41,4,5,50,51.8
1920,42,2,6,50,51.6
1921,39,4,7,50,52.2
1922,37,4,8,49,51.4
1923,36,3,6,45,46.8
1924,41,3,4,48,49.4
1925,39,2,7,48,49.8
1926,38,3,5,46,47.6
1927,40,2,5,47,48.4
1928,42,4,6,52,54.0
1929,36,4,7,47,49.2
1930,33,3,7,43,45.0
1931,44,4,3,51,52.4
1932,37,2,4,43,44.2
1933,34,2,6,42,43.6
1934,46,4,5,55,56.8
1935,38,3,5,46,47.6
1936,39,3,8,50,52.2
1937,37,3,6,46,47.8
1938,31,4,8,43,45.4
1939,33,2,6,41,42.6
1940,38,3,6,47,48.8
1941,41,2,3,46,47.0
1942,36,2,6,44,45.6
1943,34,5,6,45,47.2
1944,35,4,6,45,47.0
1945,31,3,6,40,41.8
1946,40,5,5,50,52.0
1947,43,3,4,50,51.4
1948,38,2,6,46,47.6
1949,37,3,7,47,49.0
1950,40,1,5,46,47.2
1951,40,1,4,45,46.0
1952,33,4,5,42,43.8
1953,31,3,6,40,41.8
1954,42,2,4,48,49.2
1955,37,3,7,47,49.0
1956,33,2,7,42,43.8
1957,37,2,6,45,46.6
1958,36,5,4,45,46.8
1959,31,1,7,39,40.6
1960,38,1,6,45,46.4
1961,38,3,4,45,46.4
1962,34,1,3,38,38.8
1963,37,3,3,43,44.2
1964,34,3,8,45,47.2
1965,31,5,5,41,43.0
1966,41,5,4,50,51.8
1967,34,3,5,42,43.6
1968,36,3,5,44,45.6
1969,30,5,5,40,42.0
1970,33,4,5,42,43.8
1971,32,3,6,41,42.8
1972,40,4,7,51,53.2
1973,30,3,6,39,40.8
1974,37,2,5,44,45.4
1975,36,3,6,45,46.8
1976,36,3,3,42,43.2
1977,41,3,6,50,51.8
1978,33,4,5,42,43.8
1979,34,3,4,41,42.4
1980,39,3,2,44,45.0
1981,33,4,6,43,45.0
1982,30,1,3,34,34.8
1983,32,4,6,42,44.0
1984,38,3,8,49,51.2
1985,33,3,6,42,43.8
1986,33,3,6,42,43.8
1987,39,3,3,45,46.2
1988,34,2,4,40,41.2
1989,34,4,5,43,44.8
1990,30,2,4,36,37.2
1991,32,2,6,40,41.6
1992,39,2,6,47,48.6
1993,34,3,3,40,41.2
1994,29,2,7,38,39.8
1995,30,2,5,37,38.4
1996,34,2,6,42,43.6
1997,31,3,5,39,40.6
1998,39,2,4,45,46.2
1999,30,3,6,39,40.8
2000,25,4,4,33,34.6
2001,36,2,5,43,44.4
2002,33,2,6,41,42.6
2003,27,3,6,36,37.8
2004,33,2,2,37,37.8
2005,41,2,5,48,49.4
2006,25,3,5,33,34.6
2007,33,4,4,41,42.6
2008,33,4,7,44,46.2
2009,32,2,5,39,40.4
2010,33,4,2,39,40.2
